SY_LSOA,LSOA11CD_code,"Agriculture, forestry & fishing","Mining, quarrying & utilities",Manufacturing,Construction,Motor trades,Wholesale,Retail,Transport & storage (inc postal),Accommodation & food services,Information & communication,Financial & insurance,Property,"Professional, scientific & technical",Business administration & support services,Public administration & defence,Education,Health,"Arts, entertainment, recreation & other services"
Sheffield 001A,E01008144,0,0,1000,100,10,10,400,50,125,15,0,100,50,75,20,10,175,50
Sheffield 001B,E01008145,0,0,0,10,0,0,20,0,15,0,0,0,5,10,0,200,0,0
Sheffield 001C,E01008148,0,10,0,15,0,0,0,0,10,0,0,0,0,0,0,40,0,0
Sheffield 001D,E01008149,0,0,0,5,0,0,10,0,0,0,0,0,5,0,0,0,0,0
Sheffield 001E,E01008150,0,0,0,5,15,0,0,0,0,0,0,0,5,0,0,0,600,0
Sheffield 002A,E01008142,0,0,0,15,0,0,0,0,15,0,0,0,0,15,0,0,0,10
Sheffield 002B,E01008143,0,10,10,100,15,15,20,5,25,20,10,10,30,5,10,40,0,0
Sheffield 002C,E01008146,0,0,10,10,0,0,0,0,0,0,0,0,10,0,0,0,0,10
Sheffield 002D,E01008147,0,0,10,5,0,0,0,0,20,0,0,0,0,5,0,30,10,20
Sheffield 003A,E01007888,0,0,0,20,0,0,0,0,0,30,0,0,5,10,0,0,0,0
Sheffield 003B,E01007892,0,0,0,0,0,0,10,0,0,0,0,0,0,0,0,40,40,0
Sheffield 003C,E01007893,0,0,0,10,5,0,5,0,30,0,0,0,10,10,0,0,0,10
Sheffield 003D,E01007898,0,0,0,35,0,0,10,0,15,0,0,0,75,40,0,40,100,125
Sheffield 003E,E01007899,0,0,0,10,0,0,0,10,0,0,0,0,15,0,0,0,0,0
Sheffield 003F,E01007900,0,0,0,5,0,0,35,0,15,0,0,0,0,0,0,30,40,10
Sheffield 003G,E01007901,0,0,0,0,0,0,10,0,0,0,0,0,15,5,0,30,0,0
Sheffield 004A,E01007887,0,0,0,10,0,0,40,0,0,0,0,0,10,5,0,0,0,0
Sheffield 004B,E01007889,0,10,500,400,10,900,40,400,25,400,150,25,500,700,200,75,100,25
Sheffield 004C,E01007890,0,20,0,5,0,0,0,0,0,0,0,0,15,0,0,40,0,10
Sheffield 004D,E01007891,0,0,0,15,10,0,0,0,20,5,0,0,0,0,0,200,10,5
Sheffield 004E,E01007894,0,0,10,5,20,0,300,30,150,0,20,20,45,20,10,0,150,45
Sheffield 004F,E01007895,0,0,0,5,0,0,10,40,0,0,0,0,5,0,0,0,250,0
Sheffield 004G,E01007896,0,0,5,25,0,0,0,0,0,0,0,0,5,0,0,50,0,20
Sheffield 005A,E01007897,0,0,15,25,0,0,0,0,20,0,0,0,10,0,0,50,0,0
Sheffield 005B,E01008134,0,0,0,25,10,0,10,0,50,0,0,0,5,10,0,40,20,20
Sheffield 005C,E01008135,0,250,900,150,100,150,250,450,125,15,0,10,100,350,0,50,175,15
Sheffield 005D,E01008137,0,0,5,10,0,0,0,0,10,20,0,0,15,5,0,0,10,5
Sheffield 005E,E01008141,0,0,0,20,0,0,25,0,10,0,0,0,10,0,0,0,100,20
Sheffield 006A,E01008053,0,0,0,5,0,0,0,0,0,0,0,0,0,0,0,0,10,0
Sheffield 006B,E01008056,0,0,0,15,0,0,0,0,10,0,0,0,0,0,0,0,10,0
Sheffield 006C,E01008058,0,0,0,10,0,0,0,0,0,0,0,0,0,5,0,100,45,10
Sheffield 006D,E01008138,0,0,0,5,0,0,20,10,10,0,0,0,5,5,20,50,0,5
Sheffield 006E,E01008139,0,0,0,30,0,0,0,0,25,0,0,0,0,15,150,10,0,0
Sheffield 007A,E01007856,0,20,100,300,100,20,0,20,10,0,0,0,20,0,0,0,0,0
Sheffield 007B,E01008054,0,0,0,0,0,0,10,5,0,0,0,0,0,0,0,0,0,0
Sheffield 007C,E01008055,0,0,35,100,0,0,5,5,0,0,0,30,0,50,0,0,100,0
Sheffield 007D,E01008057,0,0,0,0,0,0,15,5,0,0,0,0,0,10,0,150,10,10
Sheffield 008A,E01008126,0,0,20,40,0,0,0,0,25,5,0,0,5,10,0,250,0,0
Sheffield 008C,E01008128,0,0,10,40,0,0,30,0,75,20,0,5,30,50,0,0,20,35
Sheffield 008D,E01008136,0,0,0,30,0,0,0,0,20,0,0,0,5,0,0,50,0,0
Sheffield 008E,E01008140,0,0,0,15,0,5,15,5,30,10,0,0,10,20,0,100,20,0
Sheffield 008F,E01033275,0,0,0,10,0,0,15,0,0,10,0,0,5,0,0,5,0,0
Sheffield 008G,E01033280,0,0,250,10,0,30,30,0,0,0,0,0,10,25,0,0,200,0
Sheffield 009A,E01008085,0,0,0,0,0,0,10,0,0,0,0,0,0,40,0,50,20,0
Sheffield 009B,E01008086,0,0,0,5,0,0,10,0,0,0,0,0,0,0,0,0,0,0
Sheffield 009C,E01008116,0,0,0,0,0,0,0,0,0,0,0,0,0,0,0,0,0,0
Sheffield 009D,E01008117,0,0,0,0,0,0,40,0,10,0,0,0,0,0,0,150,15,10
Sheffield 009E,E01008118,0,0,0,0,0,0,300,0,40,0,0,0,0,0,0,150,10,0
Sheffield 009F,E01008119,0,0,0,10,0,0,0,0,20,0,0,0,0,0,0,0,40,0
Sheffield 009G,E01008125,0,0,0,15,0,0,0,0,10,0,0,0,10,40,0,100,75,5
Sheffield 010A,E01007849,0,0,0,0,10,10,35,0,15,0,10,0,10,20,0,50,150,75
Sheffield 010B,E01007857,0,0,0,0,10,0,0,0,0,0,0,0,0,0,0,200,20,0
Sheffield 010C,E01008059,0,0,0,10,0,0,20,50,10,0,0,0,0,0,0,0,0,5
Sheffield 010D,E01008060,0,0,0,0,0,0,0,0,0,0,0,0,0,0,0,100,10,0
Sheffield 011A,E01008061,10,0,0,10,0,0,75,0,30,0,0,0,10,0,0,50,0,10
Sheffield 011B,E01008063,0,0,0,0,0,0,10,0,5,0,0,0,0,0,20,0,20,10
Sheffield 011E,E01033277,0,0,0,0,0,10,5,5,5,0,0,0,0,15,0,100,0,10
Sheffield 012A,E01008087,0,0,0,25,5,15,5,30,0,0,0,0,15,5,0,0,50,0
Sheffield 012B,E01008088,0,0,0,5,20,0,200,0,100,0,0,0,20,0,0,30,30,50
Sheffield 012C,E01008090,0,0,0,10,0,0,0,0,10,0,0,0,0,0,0,100,30,0
Sheffield 012D,E01008092,0,0,50,0,0,10,30,50,0,0,0,0,50,0,0,0,50,0
Sheffield 012E,E01008122,0,0,0,0,0,0,0,0,10,0,0,0,0,0,0,0,20,0
Sheffield 012F,E01008124,0,0,0,0,0,0,20,0,30,0,0,0,0,5,50,0,0,0
Sheffield 013A,E01007848,0,0,0,0,0,0,5,0,0,0,0,0,5,0,0,50,175,0
Sheffield 013B,E01007851,0,0,0,0,0,0,30,20,15,0,0,10,0,30,0,0,100,15
Sheffield 013C,E01007947,0,0,0,0,0,0,0,5,0,0,0,0,0,0,0,0,20,0
Sheffield 013D,E01007948,0,0,0,10,0,0,20,0,15,0,10,0,20,0,0,100,10,10
Sheffield 013E,E01008062,0,0,0,0,0,0,75,5,30,0,0,0,0,0,0,0,0,0
Sheffield 014A,E01007847,0,0,0,10,0,0,0,5,0,0,0,0,0,10,0,0,0,0
Sheffield 014B,E01007850,0,0,10,5,0,0,0,10,10,0,0,0,0,20,0,150,0,0
Sheffield 014C,E01007852,0,0,500,10,20,50,20,30,35,20,0,30,225,50,0,50,10,20
Sheffield 014D,E01007853,0,0,0,5,0,0,0,5,0,0,0,10,5,0,0,30,40,0
Sheffield 014E,E01007854,0,0,200,175,35,250,50,10,25,35,10,0,125,225,0,50,300,45
Sheffield 014F,E01007855,0,0,45,10,20,10,5,5,0,0,0,0,0,0,0,0,200,10
Sheffield 015A,E01007941,0,0,30,0,0,0,0,5,0,5,0,0,5,0,0,100,800,0
Sheffield 015B,E01007945,0,0,0,0,0,0,0,0,10,0,0,0,0,0,0,50,20,0
Sheffield 015C,E01007946,0,0,0,10,0,0,0,0,0,0,0,0,0,0,0,0,10,0
Sheffield 015D,E01007950,0,0,0,0,0,0,0,0,0,0,0,0,0,0,0,50,0,0
Sheffield 015E,E01008123,0,0,0,0,0,0,15,0,0,0,0,0,0,0,0,100,150,10
Sheffield 016A,E01007987,0,0,10,0,0,0,0,0,10,0,0,0,0,5,0,40,150,0
Sheffield 016B,E01007988,0,0,5,0,0,0,0,0,15,5,0,0,5,0,0,50,0,10
Sheffield 016C,E01007989,0,0,0,5,0,0,30,10,35,5,0,0,5,100,0,0,20,15
Sheffield 016D,E01007991,0,0,5,10,0,0,40,0,10,0,0,0,10,15,0,0,0,40
Sheffield 017A,E01007995,0,0,50,35,0,20,50,0,20,0,0,30,30,15,0,30,35,20
Sheffield 017B,E01008089,0,20,500,125,30,175,400,50,75,20,0,5,15,50,20,30,0,20
Sheffield 017C,E01008091,0,10,500,35,25,225,45,0,30,20,0,0,40,15,0,50,10,1000
Sheffield 017D,E01008093,0,10,700,75,75,15,600,5,250,45,45,10,35,250,100,300,20,350
Sheffield 018A,E01007903,0,20,100,400,0,150,10,2250,50,400,150,5,400,125,300,400,40,10
Sheffield 018B,E01007904,10,100,1500,200,225,600,100,450,450,600,75,75,250,1500,600,50,300,500
Sheffield 018C,E01007913,0,100,150,20,150,350,5000,75,1250,175,800,10,400,900,150,50,10,200
Sheffield 018D,E01007914,0,0,300,0,0,100,5,200,0,0,0,0,0,0,0,100,10,0
Sheffield 019A,E01007870,0,0,20,150,0,20,20,5,0,30,0,0,10,150,0,100,150,0
Sheffield 019B,E01007871,0,0,10,5,0,0,0,25,10,0,0,0,0,0,0,0,40,0
Sheffield 019C,E01007943,0,0,0,10,0,0,50,0,40,0,0,0,0,0,0,100,20,15
Sheffield 019D,E01008094,0,0,10,0,0,0,0,0,10,0,0,0,0,0,0,150,100,0
Sheffield 020A,E01007869,0,0,0,5,0,0,0,0,0,0,0,0,0,5,0,50,10,10
Sheffield 020B,E01007872,0,0,0,5,0,0,0,5,0,0,0,0,5,5,0,10,75,300
Sheffield 020C,E01007873,0,75,175,50,25,10,30,35,0,10,0,15,10,50,0,10,10,20
Sheffield 020D,E01007942,0,0,20,10,10,0,25,20,40,0,0,0,15,35,0,30,10000,0
Sheffield 020E,E01007949,0,0,0,0,0,0,0,0,0,0,0,0,0,10,0,0,100,0
Sheffield 021A,E01007990,0,0,0,10,0,5,40,10,0,0,0,0,0,0,0,30,10,0
Sheffield 021B,E01007992,0,0,0,10,0,0,10,0,0,0,0,5,10,10,0,0,25,5
Sheffield 021C,E01007993,0,0,0,5,0,0,0,0,0,0,0,0,0,0,0,0,0,0
Sheffield 021D,E01007994,0,0,0,5,0,0,0,0,10,0,0,0,0,10,0,0,10,0
Sheffield 021E,E01007996,0,0,20,10,25,20,5,0,10,5,0,0,20,0,0,300,400,10
Sheffield 022A,E01007874,0,0,30,100,0,10,0,25,0,0,0,0,20,20,0,10,30,0
Sheffield 022B,E01007875,0,0,0,0,0,0,0,5,10,0,0,50,0,40,0,100,125,0
Sheffield 022D,E01007877,0,40,400,75,250,600,300,75,25,30,0,5,50,225,0,350,800,5
Sheffield 022E,E01007940,0,0,0,0,0,0,0,5,0,0,0,0,0,0,0,100,0,0
Sheffield 022F,E01007944,0,0,0,0,0,0,30,0,15,0,0,0,5,15,0,0,15,10
Sheffield 022G,E01033269,0,75,3500,600,450,900,600,1250,450,1750,125,175,900,2250,1000,350,400,350
Sheffield 022H,E01033270,10,50,600,300,100,350,250,30,150,350,10,100,350,200,0,75,50,75
Sheffield 023A,E01008129,0,0,5,20,10,0,0,0,10,0,0,0,30,5,0,20,10,5
Sheffield 023B,E01008130,0,0,10,15,10,0,10,10,50,0,0,0,5,30,0,30,20,0
Sheffield 023C,E01008131,0,0,10,20,0,10,30,10,0,0,0,0,10,5,0,0,0,0
Sheffield 023D,E01008132,0,0,0,25,0,0,0,0,0,0,0,0,5,10,0,40,0,0
Sheffield 023E,E01008133,0,0,0,5,0,0,25,0,50,0,0,0,10,0,0,40,10,0
Sheffield 024A,E01008151,0,0,0,30,0,10,50,0,35,0,10,10,10,30,0,10,20,45
Sheffield 024B,E01008153,0,0,0,30,10,0,0,0,10,0,0,0,5,0,0,0,0,0
Sheffield 024C,E01008154,0,0,0,10,0,0,20,0,20,0,0,0,5,10,0,0,10,10
Sheffield 024D,E01008155,0,0,0,0,10,0,0,0,20,0,0,0,0,0,0,30,0,0
Sheffield 024E,E01008156,0,0,0,5,0,0,10,0,0,5,0,0,10,0,0,0,0,0
Sheffield 024F,E01008160,0,0,0,20,0,10,0,0,10,0,0,0,0,0,30,50,75,0
Sheffield 025A,E01007997,0,0,0,10,0,0,0,0,0,0,0,0,5,0,0,50,10,0
Sheffield 025B,E01007998,0,0,0,10,0,0,10,0,10,0,0,0,0,0,0,0,10,10
Sheffield 025C,E01008152,0,0,0,0,0,0,5,0,0,0,0,0,5,0,0,0,0,0
Sheffield 025D,E01008158,0,0,0,20,0,0,10,0,20,0,0,0,0,0,0,0,0,0
Sheffield 026A,E01008065,0,0,0,0,0,0,10,0,15,0,0,0,0,20,10,50,250,0
Sheffield 026B,E01008068,0,0,0,0,0,0,0,5,30,0,10,0,5,20,10,10000,50,0
Sheffield 026C,E01008072,0,45,100,15,50,125,100,10,35,50,0,5,30,50,0,0,75,125
Sheffield 026D,E01008157,0,0,0,20,0,0,40,0,15,0,0,0,0,0,10,50,30,0
Sheffield 026E,E01008161,0,0,500,50,200,15,50,100,100,0,0,10,50,250,0,40,150,50
Sheffield 027A,E01007883,0,0,500,75,600,700,175,250,50,50,50,75,250,600,300,35,5,75
Sheffield 027B,E01007902,0,40,600,300,125,500,50,125,100,10,15,5,400,150,0,100,10,50
Sheffield 027C,E01007905,0,100,100,0,0,0,10,0,5,5,0,0,20,200,0,0,5,0
Sheffield 027D,E01007906,0,0,150,10,0,10,75,20,10,5,15,0,15,100,10,20,35,25
Sheffield 028A,E01008064,0,0,40,10,10,0,75,0,75,0,0,5,0,10,0,0,0,10
Sheffield 028B,E01008066,0,0,0,0,0,0,75,0,50,0,0,0,5,0,0,0,50,15
Sheffield 028C,E01008069,0,0,0,0,0,0,0,0,20,10,0,0,0,0,0,50,10,0
Sheffield 028D,E01008074,0,0,0,0,0,0,10,0,0,0,0,0,75,0,0,0,0,10
Sheffield 029A,E01007951,0,0,5,10,10,0,50,0,30,0,0,10,20,35,0,50,75,20
Sheffield 029B,E01007960,0,0,0,0,10,0,0,0,20,5,0,0,0,0,0,0,0,0
Sheffield 029C,E01007962,0,0,10,10,0,0,0,0,50,0,0,0,5,30,0,0,50,10
Sheffield 029D,E01008159,0,0,0,0,0,0,45,0,10,0,10,20,15,10,0,0,20,5
Sheffield 030A,E01007866,0,0,0,5,0,10,125,0,125,15,0,5,30,45,0,0,10000,600
Sheffield 030B,E01007867,0,0,0,15,0,0,200,0,175,10,0,25,25,300,0,0,25,40
Sheffield 030C,E01007868,0,0,10,10,0,20,0,0,20,15,0,5,30,5,0,10,450,5
Sheffield 030D,E01008067,0,0,10,0,0,0,20,0,10,0,0,10,10,0,0,0,40,30
Sheffield 030E,E01008073,0,0,0,10,0,0,5,0,30,0,0,0,10,0,0,25,20,10
Sheffield 032A,E01007907,0,0,45,75,0,10,15,10,0,0,0,0,50,10,50,20,200,5
Sheffield 032B,E01007908,0,0,0,15,0,0,0,0,20,0,0,0,0,0,0,10,0,0
Sheffield 032C,E01007909,0,0,100,40,30,0,45,0,175,20,0,0,35,15,0,40,20,30
Sheffield 032D,E01007911,0,30,400,400,125,250,25,10,30,10,0,5,100,400,40,10,5,25
Sheffield 032E,E01008014,0,0,50,5,10,200,10,0,0,10,0,0,200,45,400,10,40,10
Sheffield 032F,E01008016,0,0,0,10,0,0,0,10,10,0,0,10,0,0,0,40,50,0
Sheffield 033A,E01007952,0,0,0,20,0,10,0,0,0,5,0,0,10,10,0,0,0,10
Sheffield 033B,E01007953,0,0,0,15,0,0,0,0,10,0,0,5,30,15,0,0,300,20
Sheffield 033C,E01007954,0,0,0,15,0,0,5,0,20,10,0,0,20,35,0,250,30,0
Sheffield 033D,E01007961,0,0,0,0,20,0,10,50,0,5,0,5,20,10,0,0,20,0
Sheffield 036A,E01007859,0,0,0,5,0,5,40,0,75,50,20,45,300,15,0,400,10,5
Sheffield 036B,E01007860,0,0,5,25,0,5,10,0,45,45,0,10,50,25,0,300,50,100
Sheffield 036C,E01007863,0,0,10,10,0,0,20,0,225,5,0,0,30,0,0,30,20,25
Sheffield 036D,E01007864,0,0,0,35,10,0,125,0,75,10,0,50,0,0,0,0,25,10
Sheffield 036E,E01008104,0,0,0,0,10,10,125,0,250,5,0,20,125,450,10,0,75,40
Sheffield 037A,E01007910,0,0,15,10,0,0,500,0,15,0,0,0,0,0,40,100,100,10
Sheffield 037B,E01007912,0,0,50,10,10,10,25,0,0,0,0,0,10,30,0,10,0,0
Sheffield 037C,E01007971,0,0,0,10,0,0,0,0,40,0,0,0,10,0,0,250,100,0
Sheffield 037D,E01007973,0,0,0,10,0,0,10,10,10,0,0,0,5,5,0,0,0,15
Sheffield 038A,E01007858,0,0,0,15,0,0,10,0,35,5,30,0,15,10,0,20,600,5
Sheffield 038B,E01007861,0,0,0,50,0,0,0,0,10,15,0,40,15,5,0,50,10,20
Sheffield 038C,E01007862,0,0,0,0,0,0,0,0,100,10,0,10,100,35,0,300,400,0
Sheffield 038D,E01007865,0,0,10,15,0,20,45,0,75,10,0,25,25,150,0,100,20,10
Sheffield 039A,E01008011,0,0,0,30,0,10,35,5,0,10,0,0,15,25,0,10,50,0
Sheffield 039B,E01008012,0,0,0,0,0,0,0,0,10,0,0,0,0,10,0,0,0,0
Sheffield 039C,E01008013,0,0,0,10,0,0,0,0,10,0,0,0,0,0,0,100,0,0
Sheffield 039D,E01008015,0,0,450,0,10,200,100,0,10,300,0,0,15,25,0,0,0,10
Sheffield 039E,E01008017,0,0,0,0,0,0,10,0,45,0,0,0,0,0,0,200,0,0
Sheffield 039F,E01008018,0,0,0,0,0,0,20,0,10,0,0,0,5,0,0,10,30,0
Sheffield 040A,E01008105,0,0,5,0,0,10,75,0,100,35,5,20,50,0,0,100,175,35
Sheffield 040C,E01008107,0,0,0,0,0,0,20,0,0,0,0,0,0,0,0,0,75,0
Sheffield 040D,E01008111,0,0,0,35,10,0,20,0,5,50,0,15,125,45,0,40,125,5
Sheffield 040E,E01033271,0,0,0,0,0,5,25,0,150,250,40,10,75,400,300,250,20,50
Sheffield 040F,E01033272,0,0,0,50,0,0,250,0,0,0,20,15,35,100,0,600,50,0
Sheffield 041A,E01007955,0,0,0,15,0,0,10,0,10,5,0,10,20,10,0,100,0,10
Sheffield 041B,E01007956,0,0,5,15,0,5,10,0,100,5,0,10,30,5,0,15,30,10
Sheffield 041C,E01007957,0,0,0,10,0,0,0,0,10,5,0,0,5,10,0,0,5,0
Sheffield 041D,E01007958,0,0,0,15,10,0,30,0,25,5,0,0,1000,5,0,0,100,35
Sheffield 041E,E01007959,0,0,0,15,0,5,0,10,0,0,20,10,20,5,0,0,5,5
Sheffield 042A,E01008108,0,0,25,50,30,75,450,10,600,20,10,30,125,600,0,50,50,350
Sheffield 042B,E01008109,0,0,75,40,20,25,175,5,75,0,0,0,35,500,50,5,125,40
Sheffield 042D,E01008112,0,0,175,75,15,75,100,5,40,0,0,15,15,35,0,0,5,125
Sheffield 042E,E01008113,0,0,0,0,10,0,15,0,30,5,0,0,5,10,0,0,0,0
Sheffield 042F,E01033273,0,0,10,40,35,75,100,0,150,50,0,15,100,30,0,40,175,150
Sheffield 042G,E01033274,0,0,75,50,40,100,400,75,400,225,10,75,600,125,2500,200,500,150
Sheffield 043A,E01008095,0,10,10,5,0,0,0,0,10,0,0,10,0,450,30,1000,50,30
Sheffield 043B,E01008096,0,0,225,50,0,10,10,600,10,15,0,10,35,10,0,0,400,15
Sheffield 043C,E01008097,0,0,0,5,0,0,0,0,0,0,0,0,0,5,0,0,0,20
Sheffield 043D,E01008101,0,0,0,5,0,0,5,0,0,10,0,0,0,0,0,0,10,0
Sheffield 044A,E01007965,0,0,0,5,0,0,40,0,10,0,0,0,0,10,0,100,100,0
Sheffield 044B,E01007969,0,0,0,5,0,0,0,0,15,0,0,0,0,0,0,0,150,10
Sheffield 044C,E01007972,0,0,0,10,0,0,20,0,0,0,0,0,5,15,50,0,0,0
Sheffield 044D,E01007974,0,0,0,100,0,10,10,10,0,10,0,0,10,0,0,0,0,0
Sheffield 045A,E01007963,0,0,5,15,10,0,20,10,10,0,0,0,0,10,0,100,20,10
Sheffield 045B,E01007967,0,0,0,10,0,0,0,0,0,0,0,0,0,0,0,0,25,20
Sheffield 045C,E01007999,0,0,0,30,0,0,0,0,0,0,0,0,0,10,0,0,0,0
Sheffield 045D,E01008008,0,0,0,0,0,0,0,0,0,0,0,0,0,10,0,0,30,0
Sheffield 045E,E01008009,0,0,0,0,0,0,0,0,0,0,0,0,0,0,0,100,40,0
Sheffield 046A,E01008043,0,0,0,20,0,0,40,0,0,5,0,0,40,0,0,0,10,10
Sheffield 046B,E01008044,0,0,0,75,0,0,10,0,10,20,0,5,150,10,0,0,0,20
Sheffield 046C,E01008047,0,0,50,25,10,20,75,0,175,0,10,0,30,15,0,0,10,35
Sheffield 046D,E01008048,0,0,0,50,0,0,45,0,35,5,0,0,35,10,0,100,600,20
Sheffield 046E,E01008050,0,0,0,30,0,5,45,0,30,20,0,35,5,5,0,0,10,30
Sheffield 047A,E01007931,0,0,20,5,0,0,20,0,0,15,10,0,15,10,0,100,0,0
Sheffield 047B,E01007934,0,10,0,0,10,0,0,0,20,5,0,0,10,40,0,0,0,5
Sheffield 047C,E01007935,0,0,0,0,0,0,10,0,35,10,0,0,20,5,0,0,15,30
Sheffield 047D,E01007936,0,0,0,35,20,5,75,0,125,10,2000,25,45,15,0,100,20,40
Sheffield 047E,E01007937,0,0,0,10,0,10,15,0,40,10,0,5,20,0,0,30,30,0
Sheffield 047F,E01007938,0,0,0,5,0,0,10,0,20,5,0,5,15,0,0,300,0,50
Sheffield 048A,E01008098,0,0,0,0,10,0,100,0,100,0,10,0,0,10,0,0,100,25
Sheffield 048B,E01008100,0,0,0,0,0,0,0,0,0,0,0,0,0,0,0,50,30,0
Sheffield 048C,E01008102,0,0,0,10,0,0,25,0,0,0,0,0,0,0,0,0,10,25
Sheffield 048D,E01008103,0,0,0,0,0,0,0,0,0,0,0,0,0,0,20,0,0,0
Sheffield 049A,E01007964,0,0,15,10,0,0,50,0,20,0,10,0,0,0,30,0,10,15
Sheffield 049B,E01007966,0,0,10,10,0,0,10,0,0,0,0,0,0,5,0,150,0,0
Sheffield 049C,E01007968,0,0,0,0,0,0,0,0,20,0,0,0,0,5,0,50,0,0
Sheffield 049D,E01007970,0,0,10,10,10,0,10,0,10,0,0,0,0,0,0,0,150,0
Sheffield 050A,E01008042,0,0,50,20,10,10,45,0,50,5,0,0,10,25,0,100,50,5
Sheffield 050B,E01008045,0,0,0,30,0,0,30,0,10,0,0,0,10,0,0,0,0,30
Sheffield 050C,E01008046,0,0,10,35,25,30,25,0,5,15,0,10,50,75,0,40,75,30
Sheffield 050D,E01008049,0,0,40,30,30,10,15,0,100,15,15,15,200,25,0,100,300,15
Sheffield 050E,E01008051,0,0,0,5,0,0,0,0,0,10,0,0,20,0,0,40,20,5
Sheffield 050F,E01008052,0,0,0,10,0,5,25,0,5,5,0,10,25,10,0,40,0,10
Sheffield 051A,E01007975,0,0,25,5,5,0,20,10,30,20,0,0,100,10,0,0,20,15
Sheffield 051B,E01007976,0,0,0,0,0,0,10,0,0,0,0,0,0,35,0,0,30,10
Sheffield 051C,E01007977,0,0,0,0,0,5,25,0,10,0,0,0,0,10,0,40,40,10
Sheffield 051D,E01007979,0,0,0,5,0,0,0,0,10,0,0,5,0,0,30,0,100,0
Sheffield 051E,E01008099,0,0,0,0,0,0,40,0,50,0,0,0,5,0,0,10,50,0
Sheffield 052A,E01008000,0,0,0,10,10,0,40,50,15,20,0,0,0,40,0,50,100,5
Sheffield 052B,E01008001,0,0,0,25,10,0,0,0,20,0,0,0,10,0,0,50,100,0
Sheffield 052C,E01008004,0,0,0,5,0,0,0,0,0,0,0,0,5,10,0,0,0,0
Sheffield 052D,E01008005,0,0,10,30,0,0,10,0,5,0,0,0,10,0,0,0,10,0
Sheffield 052E,E01008010,0,0,0,10,0,0,0,0,0,0,0,0,0,10,0,0,0,30
Sheffield 053A,E01007978,10,0,30,75,40,40,125,0,50,10,0,10,45,50,0,50,20,15
Sheffield 053B,E01007980,0,0,15,10,0,0,15,0,10,5,0,0,10,20,0,100,5,0
Sheffield 053C,E01007981,0,0,30,0,15,50,200,30,75,50,30,10,75,45,10,800,100,30
Sheffield 053D,E01007983,0,0,75,10,20,0,125,100,0,10,0,0,2000,10,0,0,0,100
Sheffield 053E,E01007985,0,0,5,45,0,0,0,0,10,5,0,0,5,0,0,0,100,0
Sheffield 054A,E01007982,0,0,0,10,0,0,10,0,0,0,0,0,0,0,0,0,0,0
Sheffield 054B,E01008002,0,0,0,20,0,0,0,0,0,0,0,0,0,10,0,0,10,0
Sheffield 054C,E01008003,10,0,20,15,0,0,0,0,20,0,0,0,0,5,0,100,20,0
Sheffield 054D,E01008006,0,0,0,25,0,0,40,0,50,0,0,0,15,5,0,0,20,20
Sheffield 055A,E01007927,0,0,10,100,0,5,30,0,50,5,0,5,30,10,0,150,10,10
Sheffield 055B,E01007928,0,0,20,15,0,0,10,0,0,30,50,5,75,5,0,15,20,10
Sheffield 055C,E01007929,0,0,0,50,10,100,20,5,75,5,10,20,75,45,0,40,50,40
Sheffield 055D,E01007930,0,0,0,15,0,0,0,0,20,5,0,0,30,5,0,175,10,30
Sheffield 055E,E01007932,0,0,0,10,0,0,10,0,125,25,0,0,20,35,0,10,5,45
Sheffield 055F,E01007939,0,0,10,10,0,0,20,0,10,5,0,10,30,5,0,150,30,10
Sheffield 056A,E01008028,0,0,0,10,5,0,10,0,5,0,0,0,0,0,0,0,300,0
Sheffield 056B,E01008029,0,0,0,0,0,0,0,0,0,0,0,0,0,0,0,0,0,0
Sheffield 056C,E01008032,0,0,10,0,0,0,20,0,30,0,0,0,0,5,0,50,0,0
Sheffield 056D,E01008034,0,0,50,20,10,100,800,0,250,5,150,40,35,175,0,50,20,125
Sheffield 059A,E01007828,0,0,10,15,10,0,0,0,10,10,0,0,45,5,0,0,0,0
Sheffield 059B,E01007829,0,0,0,10,40,0,800,0,100,5,0,0,10,30,0,0,75,50
Sheffield 059C,E01007831,10,0,10,0,10,5,125,0,125,150,20,35,100,150,100,20,50,200
Sheffield 059D,E01007832,0,0,0,15,0,0,10,0,0,5,0,5,5,0,0,0,10,0
Sheffield 059E,E01007986,0,0,0,20,0,10,30,0,50,0,10,0,20,10,0,50,10,15
Sheffield 060A,E01008007,0,0,5,10,0,0,10,0,20,0,0,0,0,0,0,100,40,0
Sheffield 060B,E01008075,0,0,0,0,0,0,10,0,0,0,0,0,0,0,0,0,0,0
Sheffield 060C,E01008076,0,0,0,0,0,0,0,0,0,0,0,0,10,0,0,0,10,0
Sheffield 060D,E01008077,0,0,0,10,0,10,0,5,0,0,0,0,0,0,0,0,0,0
Sheffield 061A,E01008031,0,0,25,10,0,10,15,0,10,0,0,0,15,0,0,100,30,0
Sheffield 061B,E01008033,0,0,40,15,20,0,600,0,200,0,0,0,30,75,150,0,10,35
Sheffield 061C,E01008038,0,0,0,20,0,0,0,0,0,0,0,0,5,25,0,0,10,0
Sheffield 061D,E01008040,0,0,0,25,10,0,10,0,0,0,0,0,25,0,0,10,0,0
Sheffield 062A,E01007835,0,0,5,10,0,0,0,0,0,5,0,0,0,0,0,0,10,0
Sheffield 062B,E01007836,0,0,5,25,0,0,0,0,15,10,0,0,5,5,0,50,20,5
Sheffield 062C,E01007843,0,0,0,10,0,0,20,0,0,0,0,0,0,15,0,0,45,0
Sheffield 062D,E01007846,0,0,0,40,10,0,45,0,10,0,0,10,30,5,0,0,50,15
Sheffield 063A,E01008030,0,30,10,30,15,10,25,0,75,5,0,0,10,10,0,20,100,15
Sheffield 063B,E01008035,0,0,20,10,0,0,0,0,10,0,0,0,0,0,0,100,10,0
Sheffield 063C,E01008036,0,0,0,10,0,0,0,0,0,10,0,0,5,0,0,0,0,0
Sheffield 063D,E01008041,0,40,1000,300,100,350,150,350,0,45,0,15,100,75,0,35,20,50
Sheffield 064A,E01007827,0,0,0,15,0,0,15,20,45,0,0,0,10,5,0,300,0,30
Sheffield 064B,E01007830,0,0,0,5,10,0,25,0,15,0,0,0,10,5,0,50,75,15
Sheffield 064C,E01007833,0,0,0,20,0,0,10,10,0,0,0,0,15,10,0,0,10,10
Sheffield 064D,E01007984,0,0,0,0,0,0,30,0,0,0,0,0,5,10,0,5,0,0
Sheffield 064E,E01008078,0,0,0,20,0,0,30,0,25,0,0,0,15,10,0,30,20,10
Sheffield 064F,E01008079,0,0,0,15,100,10,250,0,50,0,0,10,15,100,10,350,10,200
Sheffield 065A,E01008019,0,10,400,25,30,50,75,150,0,5,0,0,20,25,20,100,100,20
Sheffield 065B,E01008020,0,0,0,0,0,0,0,0,0,0,0,0,0,0,0,0,10,0
Sheffield 065C,E01008022,0,0,0,0,0,0,0,0,10,0,0,0,0,0,0,30,0,30
Sheffield 065D,E01008027,0,0,0,10,0,0,0,0,5,10,0,0,0,0,0,30,0,0
Sheffield 065E,E01008037,0,0,0,10,0,0,150,0,20,0,0,0,5,40,0,0,10,5
Sheffield 065F,E01008039,0,0,0,5,0,0,0,0,30,0,0,0,5,10,0,175,30,30
Sheffield 066A,E01007824,0,0,0,5,0,0,0,0,0,5,0,0,5,20,0,0,0,10
Sheffield 066B,E01007825,0,0,0,20,0,0,10,0,0,5,0,0,15,0,0,0,100,15
Sheffield 066C,E01007826,0,0,5,10,0,5,15,0,15,10,0,0,75,5,0,10,25,10
Sheffield 066D,E01007834,0,0,10,50,0,25,200,0,20,10,0,5,15,30,0,100,75,15
Sheffield 068A,E01007920,0,0,0,10,5,5,0,0,0,15,0,5,40,40,0,20,40,0
Sheffield 068B,E01007921,0,0,5,10,10,5,50,0,75,10,10,40,20,20,0,50,50,15
Sheffield 068C,E01007923,0,0,0,35,0,0,50,0,45,5,10,10,25,25,0,250,25,5
Sheffield 068D,E01007925,0,0,0,15,0,0,10,0,50,10,0,0,10,5,0,100,35,0
Sheffield 068E,E01007926,0,0,5,40,0,5,25,0,50,5,0,10,45,10,0,0,30,75
Sheffield 068F,E01007933,0,0,0,15,10,0,20,0,45,10,0,5,50,10,0,0,300,20
Sheffield 069A,E01007823,0,0,0,15,0,0,5,0,25,10,0,0,25,5,0,125,50,5
Sheffield 069B,E01007916,0,0,0,10,0,0,0,0,0,0,0,0,0,0,20,40,0,0
Sheffield 069C,E01007919,0,0,0,5,0,0,15,0,0,0,0,0,0,0,0,0,0,10
Sheffield 069D,E01008080,0,0,0,20,0,0,0,0,0,0,0,0,5,10,0,0,10,0
Sheffield 070A,E01008081,0,0,0,0,0,0,0,0,0,0,0,0,0,0,0,0,100,0
Sheffield 070B,E01008082,0,0,10,0,0,0,30,0,100,0,0,0,0,0,30,0,75,20
Sheffield 070C,E01008083,0,0,0,10,0,0,35,0,0,0,0,0,0,0,0,0,40,0
Sheffield 070D,E01008084,0,0,0,5,10,0,0,0,0,0,0,0,0,0,0,50,0,0
Sheffield 071A,E01007915,0,0,0,20,0,0,0,0,0,15,0,0,30,10,0,10,0,5
Sheffield 071B,E01007917,0,0,0,15,10,0,50,10,45,5,0,0,5,25,20,50,0,75
Sheffield 071C,E01007918,0,0,0,30,10,0,40,20,0,10,0,0,10,5,0,40,0,45
Sheffield 071D,E01007922,0,0,0,10,0,0,10,0,0,5,0,0,10,0,0,10,0,0
Sheffield 071E,E01007924,0,0,10,15,0,0,0,0,10,5,0,0,15,20,0,0,100,0
Sheffield 072A,E01008021,0,0,10,35,5,10,10,10,50,5,0,0,20,5,40,0,0,0
Sheffield 072B,E01008023,0,20,5,30,0,200,400,0,0,5,0,0,10,0,0,0,10,0
Sheffield 072C,E01008024,0,0,10,20,0,10,0,0,40,0,0,0,0,10,0,10,0,5
Sheffield 072D,E01008025,0,0,10,45,0,0,15,0,20,0,0,10,35,15,0,50,30,5
Sheffield 072E,E01032585,0,10,0,5,0,10,0,10,50,0,0,0,5,0,0,0,0,0
Sheffield 073A,E01033261,0,0,50,50,10,50,50,10,40,0,0,35,200,175,0,250,50,20
Sheffield 073B,E01033262,0,10,75,75,10,25,75,15,200,1500,150,75,700,1500,350,0,125,125
Sheffield 073C,E01033263,0,0,175,5,0,75,200,50,100,75,0,30,125,400,30,50,40,10
Sheffield 073D,E01033264,0,0,75,10,10,10,1000,10,1250,200,250,75,3000,2500,5000,300,800,600
Sheffield 073E,E01033276,0,0,25,20,0,50,20,0,10,0,0,20,10,0,0,20,50,0
Sheffield 074A,E01008114,0,0,100,30,20,40,700,5,175,600,2000,25,10,500,800,40,125,25
Sheffield 074B,E01008115,0,0,0,5,0,0,10,5,20,5,0,30,40,10,0,10,125,25
Sheffield 074C,E01033265,0,0,150,75,0,45,450,0,800,225,600,400,500,1000,150,40,450,100
Sheffield 074D,E01033266,0,0,10,35,10,20,35,0,600,175,0,150,100,20,0,10,40,175
Sheffield 074E,E01033267,0,0,30,20,0,10,75,10,125,0,0,10,0,20,0,0,20,0
Sheffield 075A,E01007878,0,0,0,0,0,0,10,0,0,0,0,0,0,0,0,0,50,0
Sheffield 075B,E01007879,0,0,25,20,15,10,30,0,10,5,0,0,30,20,0,0,50,25
Sheffield 075C,E01007881,0,0,0,10,10,10,20,0,10,0,0,0,10,30,0,50,30,10
Sheffield 075D,E01007882,0,0,0,5,0,0,0,0,5,5,0,0,10,25,0,0,10,100
Sheffield 075E,E01007885,0,450,225,150,10,40,0,400,30,0,800,10,50,50,150,100,10,25
Sheffield 075F,E01007886,0,0,0,0,10,0,0,0,20,0,0,0,0,50,600,150,0,0
Sheffield 075G,E01033268,0,50,600,150,5,75,225,1500,400,1500,1000,25,1000,500,2500,5000,50,300
Sheffield 076A,E01007838,0,0,0,0,0,0,0,0,40,0,0,0,20,0,0,0,10,0
Sheffield 076B,E01007839,0,0,100,10,0,0,75,100,30,0,0,0,10,0,0,20,30,75
Sheffield 076C,E01007841,0,20,50,15,0,0,0,0,0,0,0,0,10,0,0,0,50,0
Sheffield 076D,E01007842,0,0,0,20,0,10,10,10,20,0,0,0,5,0,0,250,40,10
Sheffield 076E,E01033278,0,0,0,0,0,0,15,10,10,0,0,0,5,40,0,100,100,0
Sheffield 076F,E01033279,0,0,0,0,0,0,15,0,15,0,0,0,0,10,0,0,75,10
Rotherham 001A,E01007693,0,0,50,200,10,20,125,50,75,20,30,5,125,100,0,10,75,40
Rotherham 001B,E01007694,0,0,15,10,0,100,300,250,20,0,0,0,20,100,0,30,25,10
Rotherham 001C,E01007695,0,20,100,75,30,15,600,5,200,5,10,0,15,10,0,0,45,5
Rotherham 001D,E01007697,0,0,0,0,0,0,0,0,0,0,0,0,5,0,0,40,0,0
Rotherham 001E,E01007698,0,0,0,20,0,0,5,0,20,10,0,0,10,10,0,0,25,10
Rotherham 002A,E01007816,0,0,0,1000,10,225,10,0,10,100,600,0,15,1750,600,200,100,20
Rotherham 002B,E01007817,0,0,0,5,0,0,10,5,0,0,0,0,0,0,0,0,0,50
Rotherham 002C,E01007819,0,0,0,20,0,0,0,10,10,0,0,0,5,0,0,0,300,0
Rotherham 002D,E01007820,0,150,800,300,35,175,450,1500,250,1500,20,10,200,2500,50,45,10,50
Rotherham 002E,E01007821,0,20,0,15,10,0,10,20,5,10,30,0,30,20,10,400,250,20
Rotherham 002F,E01007822,0,0,0,0,0,10,300,0,50,0,10,0,10,15,0,0,125,10
Rotherham 003A,E01007796,0,0,0,5,0,0,0,0,0,0,0,0,0,0,10,50,0,0
Rotherham 003B,E01007797,0,10,0,10,0,0,10,5,10,0,0,0,0,0,0,50,0,0
Rotherham 003C,E01007798,0,0,0,25,0,0,0,5,0,0,0,20,0,0,0,0,10,5
Rotherham 003D,E01007799,0,0,0,20,0,0,0,0,30,0,0,0,0,5,0,100,10,0
Rotherham 003E,E01007800,0,0,800,100,40,175,100,150,45,0,5,25,50,225,10,0,75,50
Rotherham 003F,E01007818,0,0,10,35,5,0,10,10,45,0,10,0,5,0,0,10,5,0
Rotherham 004A,E01007777,0,0,5,20,0,0,10,5,10,0,0,0,0,0,0,40,75,0
Rotherham 004B,E01007793,0,0,5,5,0,0,0,0,0,0,0,0,0,0,0,0,0,0
Rotherham 004C,E01007794,0,0,0,10,0,0,5,0,0,0,0,0,0,0,0,0,0,0
Rotherham 004D,E01007795,0,0,0,10,0,0,0,0,0,0,0,0,0,5,0,0,0,0
Rotherham 005A,E01007778,0,0,0,20,0,0,0,0,0,0,0,0,10,20,100,10,0,0
Rotherham 005B,E01007779,0,0,0,5,0,0,0,0,40,0,0,0,5,10,0,0,0,10
Rotherham 005C,E01007780,0,0,0,5,0,0,0,0,0,0,0,0,0,0,0,0,15,10
Rotherham 005D,E01007781,0,0,0,5,0,0,15,0,20,0,0,0,0,25,40,300,0,0
Rotherham 005E,E01007782,0,0,0,10,0,0,20,0,0,0,0,0,0,0,0,0,0,0
Rotherham 006A,E01007771,0,0,0,10,0,10,10,200,10,0,0,0,10,20,0,100,10,10
Rotherham 006B,E01007772,0,100,75,15,15,20,10,10,15,0,0,0,15,125,0,40,0,10
Rotherham 006C,E01007773,0,0,0,5,0,0,0,0,0,0,0,0,0,10,0,0,10,0
Rotherham 006D,E01007774,0,0,0,5,0,0,25,0,10,0,0,0,0,0,0,0,0,0
Rotherham 007A,E01007696,0,0,0,20,0,0,200,10,100,5,0,20,10,50,0,50,10,100
Rotherham 007B,E01007801,0,0,10,35,5,0,20,0,25,0,0,0,25,5,0,0,15,5
Rotherham 007C,E01007802,0,0,0,10,0,0,10,0,30,0,0,0,15,0,0,0,10,10
Rotherham 007D,E01007803,0,0,0,5,0,0,0,0,0,0,0,0,0,0,0,100,0,0
Rotherham 007E,E01007808,0,0,0,35,0,10,0,0,0,0,0,0,5,0,0,0,0,0
Rotherham 008A,E01007775,0,0,0,0,0,0,0,0,0,0,0,0,0,5,0,0,0,0
Rotherham 008B,E01007776,0,0,30,0,0,0,10,0,10,0,0,0,0,10,0,100,40,10
Rotherham 008C,E01007783,0,0,0,0,0,0,45,5,30,5,0,0,5,10,100,0,35,10
Rotherham 008D,E01007784,0,35,500,250,150,75,1500,100,350,10,10,0,45,75,30,30,350,100
Rotherham 009A,E01007728,0,200,800,150,125,200,75,35,35,0,0,25,50,0,10,20,20,50
Rotherham 009B,E01007729,0,0,0,5,0,0,35,0,0,0,0,0,5,15,0,40,100,0
Rotherham 009C,E01007730,0,0,0,75,0,0,0,150,15,0,0,0,0,35,40,0,10,0
Rotherham 009D,E01007731,0,0,0,35,0,0,5,0,45,0,0,0,0,0,0,0,10,5
Rotherham 009E,E01007732,0,0,0,5,0,0,0,0,20,0,0,0,0,10,40,50,0,0
Rotherham 009F,E01007733,0,0,0,10,0,0,0,0,20,0,0,0,0,0,20,0,0,0
Rotherham 010A,E01007719,0,0,0,0,0,0,20,0,10,0,0,0,0,0,0,30,10,10
Rotherham 010B,E01007720,0,0,0,45,5,10,50,10,0,0,0,0,5,0,20,150,40,100
Rotherham 010C,E01007721,0,0,0,30,10,10,400,15,35,0,0,10,20,10,10,75,15,30
Rotherham 010D,E01007727,0,0,0,10,0,0,0,0,10,0,0,0,0,0,0,0,0,0
Rotherham 011A,E01007740,0,0,0,0,0,0,10,10,30,40,0,0,0,5,0,0,75,0
Rotherham 011B,E01007804,0,0,0,15,0,0,20,400,25,0,0,0,0,40,20,0,0,10
Rotherham 011C,E01007805,0,0,0,30,0,0,0,150,20,0,0,0,0,0,20,150,0,30
Rotherham 011D,E01007806,0,0,0,15,0,0,0,5,0,0,0,0,5,0,0,0,0,0
Rotherham 011E,E01007807,0,0,10,15,30,0,20,5,50,10,0,0,0,0,0,0,20,0
Rotherham 012A,E01007681,0,0,10,5,0,0,0,0,0,0,0,0,0,45,0,30,20,0
Rotherham 012B,E01007691,5,0,25,75,10,0,10,20,10,15,0,0,10,10,0,40,30,15
Rotherham 012C,E01007692,0,0,5,15,10,0,0,5,0,5,0,0,5,0,0,0,10,0
Rotherham 012E,E01032926,0,0,10,25,0,0,0,0,30,0,0,0,5,50,0,0,50,10
Rotherham 012F,E01032927,0,0,0,10,0,0,25,0,0,0,0,0,10,10,0,0,0,10
Rotherham 013A,E01007723,0,0,0,10,0,0,20,125,30,0,0,0,10,15,0,0,50,0
Rotherham 013B,E01007735,10,0,0,0,0,0,10,0,5,0,0,0,0,20,0,150,0,10
Rotherham 013C,E01007737,0,100,20,0,0,0,0,0,150,0,0,0,0,10,0,50,0,30
Rotherham 013D,E01007738,0,0,0,0,20,0,30,0,30,0,0,0,0,0,0,0,0,5
Rotherham 013E,E01007739,0,0,0,0,0,0,0,5,0,0,0,0,0,0,0,0,0,0
Rotherham 014A,E01007736,0,0,700,25,75,300,200,200,45,30,0,0,10,150,75,100,125,50
Rotherham 014B,E01007765,0,0,0,10,0,0,10,0,10,0,0,0,0,15,0,0,0,10
Rotherham 014C,E01007766,0,0,0,0,0,0,0,0,0,0,0,0,0,10,0,0,75,0
Rotherham 014D,E01007768,0,0,0,0,5,0,50,0,20,0,0,0,0,125,0,100,40,10
Rotherham 014E,E01007770,0,0,0,10,0,0,0,10,0,0,0,0,0,10,30,200,10,10
Rotherham 015A,E01007741,0,0,0,15,0,0,10,5,75,0,0,0,5,0,0,0,10,0
Rotherham 015B,E01007742,0,0,10,25,0,0,20,0,15,0,0,0,0,50,10,50,0,0
Rotherham 015C,E01007743,0,0,10,10,0,0,10,0,0,0,0,0,5,0,0,0,0,30
Rotherham 015D,E01007744,0,0,20,10,0,0,10,0,50,0,0,0,5,10,150,200,125,10
Rotherham 015E,E01007745,0,0,0,15,0,0,0,0,20,0,0,0,0,0,0,200,0,0
Rotherham 015F,E01007746,0,0,0,5,0,0,10,0,0,0,0,0,0,30,0,50,0,0
Rotherham 016A,E01007715,30,0,75,50,40,30,20,10,5,0,0,0,150,50,0,50,1000,10
Rotherham 016B,E01007716,0,150,200,150,75,125,75,50,30,10,0,0,0,175,20,30,35,30
Rotherham 016C,E01007717,0,0,0,10,0,0,20,5,10,0,0,0,0,0,0,50,40,0
Rotherham 016D,E01007718,20,30,1000,150,35,250,25,150,30,10,0,0,250,35,0,10,0,10
Rotherham 017A,E01007677,0,0,15,50,40,0,15,0,30,0,0,10,125,75,10,0,400,50
Rotherham 017B,E01007714,0,15,1250,600,100,350,900,450,500,75,400,100,500,700,3000,500,1000,800
Rotherham 017C,E01007767,0,0,10,5,0,0,10,0,5,30,0,0,20,10,20,0,300,5
Rotherham 017D,E01007769,0,0,0,0,10,10,25,0,0,0,0,0,0,0,0,0,25,10
Rotherham 018A,E01007685,0,150,900,225,125,400,125,400,300,250,10,45,75,175,30,175,200,50
Rotherham 018B,E01007754,0,0,0,15,0,0,0,0,0,0,0,0,5,20,30,150,30,0
Rotherham 018C,E01007755,0,0,0,10,0,0,0,0,0,0,0,0,5,5,0,0,0,0
Rotherham 018D,E01007756,0,0,0,25,0,0,0,0,0,0,0,0,20,0,0,0,0,0
Rotherham 018E,E01007761,0,0,20,20,20,20,25,150,0,0,10,0,30,10,200,50,75,10
Rotherham 018F,E01007762,0,0,0,40,0,40,25,0,25,0,0,0,10,20,50,300,175,100
Rotherham 019A,E01007682,0,0,0,5,0,0,0,0,10,0,0,0,0,15,0,0,0,0
Rotherham 019B,E01007683,0,0,10,30,0,0,15,0,0,0,0,0,0,0,0,100,0,0
Rotherham 019C,E01007686,0,0,10,0,0,10,100,10,150,30,20,20,50,30,0,10,50,25
Rotherham 019D,E01007688,0,0,10,50,0,0,10,0,50,0,0,10,35,20,0,0,10,30
Rotherham 019E,E01007725,0,0,0,20,0,0,20,0,10,0,0,0,10,20,0,0,50,0
Rotherham 019F,E01007726,0,0,0,0,0,0,10,0,10,0,0,0,0,0,0,50,20,0
Rotherham 020A,E01007757,0,0,0,20,0,0,0,0,10,0,0,0,0,0,0,0,20,0
Rotherham 020B,E01007758,0,0,0,20,0,0,0,0,15,0,0,0,0,40,0,100,0,0
Rotherham 020C,E01007759,0,0,0,0,0,0,0,5,10,0,0,0,0,0,0,0,0,0
Rotherham 020D,E01007760,0,0,30,0,5,0,50,5,0,0,0,0,0,5,0,100,0,10
Rotherham 020E,E01007763,0,0,5,50,10,0,150,0,50,0,15,15,75,35,30,150,100,50
Rotherham 020F,E01007764,0,0,45,30,5,10,5,5,10,0,0,10,35,200,0,0,0,10
Rotherham 021A,E01007708,0,0,0,45,0,10,5,0,30,0,0,0,15,10,0,100,10,10
Rotherham 021B,E01007709,0,0,10,40,0,5,10,0,30,0,0,0,15,50,0,0,0,20
Rotherham 021C,E01007710,0,0,10,25,0,10,10,0,0,0,0,0,10,20,0,150,30,10
Rotherham 021D,E01007711,0,0,5,20,0,0,30,0,10,0,0,0,10,5,10,100,100,5
Rotherham 021E,E01007724,0,0,10,15,0,0,20,0,75,0,0,0,5,0,0,10,0,20
Rotherham 021F,E01007734,0,0,0,45,0,0,10,75,45,0,0,0,0,100,100,0,40,20
Rotherham 022A,E01007684,0,0,15,30,10,5,300,0,75,0,10,5,35,15,0,0,45,20
Rotherham 022B,E01007687,0,0,0,35,0,10,10,0,0,5,0,0,15,0,40,300,50,0
Rotherham 022C,E01007689,0,0,0,45,0,0,0,0,0,5,0,0,20,10,0,0,5,10
Rotherham 022D,E01007690,0,0,20,100,0,10,10,0,30,15,0,15,45,50,0,0,15,15
Rotherham 023A,E01007675,0,0,0,5,0,0,20,0,10,0,0,0,25,10,50,10,5,10
Rotherham 023B,E01007678,0,0,225,175,50,150,125,5,50,0,0,0,10,300,10,150,4000,10
Rotherham 023C,E01007679,0,0,0,0,0,0,15,0,20,0,0,0,5,0,0,0,45,5
Rotherham 023D,E01007680,0,0,0,15,10,0,75,30,0,10,0,5,100,0,300,250,100,10
Rotherham 023E,E01007712,0,0,0,15,0,0,10,5,20,0,0,0,125,10,0,175,0,0
Rotherham 023F,E01007713,0,0,0,50,0,0,0,0,0,5,0,10,5,0,0,150,0,10
Rotherham 024A,E01007811,0,100,0,20,5,10,30,0,5,0,0,10,0,0,0,0,0,30
Rotherham 024B,E01007812,0,0,0,0,0,0,5,10,10,5,0,0,0,0,0,0,100,0
Rotherham 024C,E01007813,0,0,0,0,0,0,0,0,125,0,0,0,10,0,0,10,0,0
Rotherham 024D,E01007814,0,0,10,40,0,0,15,0,50,10,0,0,75,20,0,10,45,10
Rotherham 025A,E01007676,0,350,2000,250,75,200,35,350,175,150,10,20,225,800,100,40,250,75
Rotherham 025B,E01007702,0,0,0,15,0,0,0,20,0,5,0,0,0,0,0,10,0,0
Rotherham 025C,E01007703,0,0,0,10,0,0,0,10,0,0,0,0,5,0,0,0,0,0
Rotherham 025D,E01007704,0,0,15,20,0,0,20,5,25,5,0,0,5,0,0,50,0,10
Rotherham 025E,E01007705,0,0,0,15,10,0,45,0,20,0,10,0,10,10,0,200,40,5
Rotherham 025F,E01007707,0,0,0,15,0,0,0,0,0,0,0,0,5,0,0,50,0,0
Rotherham 026A,E01007666,0,0,5,10,20,0,0,0,25,0,0,0,5,30,0,200,0,15
Rotherham 026B,E01007809,0,0,0,10,0,0,0,0,0,0,0,0,0,0,0,50,0,100
Rotherham 026C,E01007810,0,0,300,20,5,0,50,20,100,0,0,0,35,10,0,0,35,0
Rotherham 026D,E01007815,0,0,10,50,10,25,100,5,50,0,0,0,0,10,0,45,50,5
Rotherham 027A,E01007665,0,50,600,225,10,300,20,5,50,20,0,0,25,50,0,50,100,0
Rotherham 027B,E01007699,0,5,800,200,300,50,500,5,150,200,0,0,350,50,0,0,0,10
Rotherham 027C,E01007700,0,10,10,15,5,0,0,10,10,20,0,0,20,10,0,40,300,25
Rotherham 027D,E01007701,0,0,10,5,15,0,20,0,20,0,0,0,0,10,20,75,30,15
Rotherham 027E,E01007706,0,0,0,5,0,0,10,5,10,5,0,0,0,0,0,10,0,0
Rotherham 028A,E01007787,10,0,20,50,25,75,25,35,10,5,0,5,20,50,10,20,100,20
Rotherham 028B,E01007788,0,0,10,15,0,10,0,0,10,0,20,10,5,10,0,0,0,0
Rotherham 028C,E01007789,0,1000,800,600,75,200,100,50,50,100,15,5,125,400,0,75,100,125
Rotherham 028D,E01007792,0,0,0,10,0,30,0,0,0,5,0,10,5,10,20,0,0,0
Rotherham 029A,E01007657,0,0,5,5,0,0,0,0,20,0,0,0,0,0,10,50,10,0
Rotherham 029B,E01007659,0,0,0,5,0,0,0,0,0,0,0,0,0,0,0,0,0,0
Rotherham 029C,E01007785,0,0,30,25,0,0,0,0,0,0,0,0,0,10,0,10,0,15
Rotherham 029D,E01007786,0,0,0,0,0,0,30,0,0,0,0,0,30,10,0,40,100,0
Rotherham 029E,E01007790,0,0,0,15,5,10,250,0,100,0,10,15,20,15,150,250,50,50
Rotherham 029F,E01007791,0,0,0,10,0,0,0,0,0,5,0,0,0,0,0,0,0,0
Rotherham 030A,E01007667,0,0,0,10,10,0,5,10,0,5,0,0,25,5,0,0,0,0
Rotherham 030B,E01007668,0,0,0,0,0,0,0,0,0,0,0,0,0,10,0,50,0,0
Rotherham 030C,E01007669,0,0,0,0,0,0,20,0,20,10,0,0,0,0,0,0,0,5
Rotherham 030D,E01007670,0,0,5,10,10,10,10,10,50,0,0,10,10,10,20,10,0,10
Rotherham 030E,E01007672,0,0,0,20,0,10,0,0,20,5,0,0,10,15,0,50,0,5
Rotherham 030F,E01007673,0,0,0,15,0,0,20,0,5,5,0,0,0,5,40,0,75,5
Rotherham 031A,E01007671,0,0,5,75,20,5,50,5,50,10,5,10,10,25,0,30,0,100
Rotherham 031B,E01007674,0,0,100,20,10,10,0,30,0,0,0,0,10,0,0,50,10,0
Rotherham 031C,E01007747,0,0,0,0,0,0,40,10,15,0,0,0,0,5,0,300,40,5
Rotherham 031D,E01007750,0,0,1000,50,75,35,20,100,20,0,0,0,35,175,150,50,10,100
Rotherham 032A,E01007658,0,10,250,75,150,50,20,100,30,5,10,0,35,75,0,10,600,10
Rotherham 032B,E01007660,0,0,10,15,0,0,0,10,0,0,0,0,5,10,0,0,10,100
Rotherham 032C,E01007661,0,0,100,20,5,0,10,50,10,5,0,0,15,10,0,0,0,0
Rotherham 032D,E01007662,0,0,0,0,0,0,0,0,0,0,0,0,0,10,0,0,0,0
Rotherham 032E,E01007663,0,0,20,5,0,0,25,0,30,5,0,0,15,0,0,0,0,5
Rotherham 032F,E01007664,0,10,0,25,0,20,25,5,40,0,0,0,10,5,0,0,10,50
Rotherham 033A,E01007748,0,0,10,10,20,0,0,0,40,5,0,0,20,10,0,0,0,0
Rotherham 033B,E01007749,0,0,10,25,0,0,20,20,20,5,0,5,30,20,0,50,0,10
Rotherham 033C,E01007751,0,0,0,25,0,0,25,0,250,0,0,10,5,50,0,50,0,20
Rotherham 033D,E01007752,0,0,5,20,5,10,20,0,0,0,0,10,15,25,0,30,0,0
Rotherham 033E,E01007753,0,0,15,20,5,10,0,15,20,5,5,5,10,30,0,0,40,0
Barnsley 001A,E01007434,0,0,5,75,5,0,50,5,20,0,10,0,15,35,0,40,35,75
Barnsley 001B,E01007435,0,0,0,0,0,0,10,0,0,0,0,0,5,0,0,50,20,0
Barnsley 001C,E01007438,0,0,0,10,0,0,10,0,0,5,0,0,5,0,10,0,50,0
Barnsley 001D,E01007439,0,0,0,35,10,0,0,0,0,0,0,5,25,10,0,40,0,0
Barnsley 002A,E01007433,0,75,30,5,20,30,10,0,35,0,0,0,40,10,0,30,0,10
Barnsley 002B,E01007436,0,0,800,25,0,0,0,10,0,0,0,0,0,300,0,200,0,0
Barnsley 002C,E01007437,0,50,250,50,5,50,75,600,10,0,0,250,30,175,0,10,300,40
Barnsley 002D,E01007440,0,0,10,5,0,0,50,0,35,0,0,0,0,0,0,0,10,10
Barnsley 003A,E01007329,0,0,30,20,5,5,0,15,0,0,0,0,5,10,0,0,40,0
Barnsley 003B,E01007331,0,0,50,15,20,10,20,0,20,0,0,0,5,30,0,150,0,5
Barnsley 003C,E01007342,0,0,0,15,0,10,5,5,0,0,0,0,25,0,0,0,0,10
Barnsley 003D,E01007343,0,0,0,5,0,0,0,0,10,0,0,0,35,10,0,50,100,0
Barnsley 004A,E01007356,0,0,0,20,0,0,10,0,10,5,0,10,10,10,0,50,100,5
Barnsley 004B,E01007357,0,0,0,10,0,0,20,0,10,0,0,0,0,0,0,50,100,20
Barnsley 004C,E01007361,0,0,200,45,30,5,45,10,75,0,30,0,5,15,0,20,75,15
Barnsley 004D,E01007362,0,0,15,25,10,30,30,10,40,10,0,10,5,10,0,0,20,0
Barnsley 004E,E01007363,0,0,0,20,0,0,10,0,0,0,0,0,5,0,0,0,0,0
Barnsley 005A,E01007355,0,0,0,15,0,0,0,0,10,5,0,0,15,0,0,10,0,0
Barnsley 005B,E01007358,0,0,15,100,0,50,75,50,10,5,0,0,15,10,0,40,0,5
Barnsley 005C,E01007359,10,0,1000,10,10,10,35,50,25,0,0,0,10,35,0,150,10,0
Barnsley 005D,E01007360,0,0,10,5,10,0,10,0,10,5,0,0,5,10,0,10,40,0
Barnsley 005E,E01007386,0,0,0,10,125,10,10,100,100,0,0,10,10,10,0,0,40,0
Barnsley 006A,E01007328,0,10,0,50,0,0,0,10,50,0,0,0,0,0,0,10,0,0
Barnsley 006B,E01007330,0,0,5,20,0,15,5,5,0,0,0,0,10,10,0,40,30,0
Barnsley 006C,E01007332,0,0,400,50,25,125,125,3000,40,0,0,0,30,10,0,50,175,20
Barnsley 006D,E01007333,0,0,0,15,0,0,0,0,0,0,0,0,10,0,0,40,0,0
Barnsley 007A,E01007323,0,0,0,0,0,0,0,5,40,0,0,0,0,10,0,10,10,45
Barnsley 007B,E01007324,0,0,10,10,0,0,45,5,40,0,0,0,5,10,0,100,10,10
Barnsley 007C,E01007325,0,0,0,0,0,0,10,0,0,0,0,0,0,0,0,0,20,0
Barnsley 007D,E01007326,0,0,0,15,0,0,15,0,0,0,0,0,0,10,0,0,0,0
Barnsley 007E,E01007327,0,0,300,75,50,40,10,30,30,5,0,0,5,250,0,450,0,50
Barnsley 007F,E01007411,0,0,0,0,0,0,10,10,0,0,0,0,0,0,0,0,45,0
Barnsley 008A,E01007341,0,0,1000,5,0,0,0,0,20,0,0,10,0,10,0,0,0,0
Barnsley 008B,E01007345,0,0,5,20,0,0,100,10,20,40,0,25,10,40,0,100,150,25
Barnsley 008C,E01007346,0,0,10,5,0,0,5,0,25,0,0,0,20,5,10,0,20,10
Barnsley 008D,E01007347,0,0,5,45,0,0,0,0,10,0,10,0,0,0,10,50,10,0
Barnsley 009A,E01007334,0,0,500,10,20,75,250,0,0,0,0,0,5,30,0,50,0,10
Barnsley 009B,E01007335,0,0,0,30,0,0,35,0,30,0,0,0,0,0,0,0,50,10
Barnsley 009C,E01007400,0,0,0,35,10,0,30,5,35,0,10,0,15,5,0,0,10,0
Barnsley 009D,E01007404,0,0,0,10,0,0,10,0,10,0,0,0,0,10,0,0,0,30
Barnsley 009E,E01007406,0,10,10,75,0,30,0,20,0,0,0,0,10,400,0,0,10,20
Barnsley 010C,E01007408,0,0,0,20,0,0,0,5,20,0,0,10,5,10,0,0,200,25
Barnsley 010D,E01007409,0,0,30,30,5,0,10,0,30,5,0,5,125,10,0,100,40,40
Barnsley 010E,E01007410,0,0,0,20,0,0,300,10,100,0,0,0,0,0,0,0,0,0
Barnsley 010G,E01032550,0,10,25,45,150,30,75,40,50,0,0,0,10,20,0,10,30,15
Barnsley 010H,E01032551,0,0,20,50,10,0,40,15,10,0,0,0,10,20,0,100,0,5
Barnsley 011A,E01007344,0,0,5,25,25,10,10,75,50,0,0,0,0,40,50,0,30,15
Barnsley 011B,E01007402,0,0,50,25,10,20,10,40,0,0,0,0,0,10,0,0,100,0
Barnsley 011C,E01007403,0,10,0,10,0,0,0,5,10,0,0,0,5,10,0,0,20,0
Barnsley 011D,E01007405,0,0,0,5,0,0,75,5,10,0,0,30,5,10,0,50,200,10
Barnsley 012A,E01007379,0,0,0,20,0,100,0,0,10,0,0,20,10,0,0,0,10,30
Barnsley 012B,E01007380,0,30,225,1000,125,125,40,125,100,15,40,10,35,200,0,40,100,30
Barnsley 012C,E01007381,0,0,150,75,100,50,0,5,10,50,10,30,175,600,0,75,200,5
Barnsley 012D,E01007387,0,0,175,150,10,25,75,15,15,0,0,0,5,20,0,100,15,15
Barnsley 012E,E01007442,0,0,0,40,0,0,5,0,0,0,0,0,25,5,0,0,10,10
Barnsley 012F,E01007444,0,0,10,40,0,0,10,0,0,5,0,0,10,0,0,300,35,0
Barnsley 012G,E01007446,0,0,15,30,10,400,20,5,10,0,0,0,0,150,10,5,4000,10
Barnsley 013A,E01007336,0,0,5,30,20,5,150,300,50,200,200,400,300,1500,300,800,50,125
Barnsley 013B,E01007340,0,0,0,25,10,0,1250,250,600,10,200,50,150,350,2500,75,1500,225
Barnsley 013C,E01007415,0,0,0,20,0,0,0,0,10,10,0,15,5,0,0,300,20,0
Barnsley 013D,E01007417,0,0,0,15,15,10,5,35,35,0,0,0,75,200,0,0,10,10
Barnsley 013E,E01007441,0,0,150,15,0,0,10,5,20,0,0,0,5,0,0,100,75,0
Barnsley 013F,E01007443,0,0,50,25,25,40,50,15,175,5,0,200,225,100,0,20,75,15
Barnsley 013G,E01007445,0,0,0,15,0,0,20,5,10,0,0,5,20,10,40,150,30,100
Barnsley 014A,E01007372,0,0,0,0,0,0,10,10,0,0,0,10,20,10,0,0,35,0
Barnsley 014B,E01007373,0,10,125,175,30,0,50,5,25,0,0,0,20,10,0,50,0,10
Barnsley 014C,E01007374,0,0,15,5,0,0,5,5,0,0,0,0,10,0,0,0,0,0
Barnsley 014D,E01007375,0,0,0,10,0,0,50,0,20,0,0,0,5,0,0,0,100,0
Barnsley 014E,E01007377,0,0,0,0,0,0,0,5,0,0,0,0,0,0,0,0,40,0
Barnsley 014F,E01007378,0,0,0,15,0,10,15,5,10,0,0,0,10,0,0,40,300,15
Barnsley 015A,E01007319,0,0,0,20,50,50,600,0,125,0,0,0,50,10,0,50,0,5
Barnsley 015B,E01007321,0,0,10,5,0,0,0,0,20,10,0,0,0,0,0,0,0,0
Barnsley 015C,E01007322,0,0,250,300,75,100,100,40,35,0,0,0,75,5,0,40,1000,30
Barnsley 015D,E01007337,0,0,75,30,100,50,5,20,200,0,0,0,35,15,0,40,75,600
Barnsley 016A,E01007418,0,0,200,25,0,0,20,10,75,20,0,5,30,15,0,20,20,0
Barnsley 016B,E01007419,0,0,0,15,0,0,50,0,75,0,0,5,15,10,0,20,50,0
Barnsley 016C,E01007420,0,0,0,30,0,10,15,0,0,10,0,0,25,5,0,50,0,20
Barnsley 016D,E01007425,10,0,20,75,0,20,0,0,20,5,0,0,40,40,0,250,0,10
Barnsley 017A,E01007338,0,0,0,45,15,10,75,0,50,0,0,15,30,15,0,100,30,15
Barnsley 017B,E01007339,0,0,10,40,10,0,10,15,30,0,0,0,0,0,0,0,20,0
Barnsley 017C,E01007413,0,0,0,0,0,0,10,5,10,0,0,0,0,0,0,100,20,0
Barnsley 017D,E01007414,0,0,10,50,0,0,0,40,10,10,0,0,0,20,0,0,125,0
Barnsley 018A,E01007317,0,0,10,10,10,0,10,0,20,0,0,0,0,0,0,150,0,10
Barnsley 018B,E01007318,0,0,10,0,0,0,25,0,20,10,0,0,0,0,0,50,150,0
Barnsley 018C,E01007320,0,0,0,10,0,10,20,15,10,0,0,0,0,0,0,0,20,10
Barnsley 018D,E01007416,0,0,0,0,0,0,0,0,0,0,0,0,0,0,20,0,0,0
Barnsley 019A,E01007382,0,175,0,40,0,50,500,100,150,40,30,20,10,150,0,30,125,125
Barnsley 019B,E01007383,0,0,20,20,0,0,0,5,0,5,0,0,10,10,0,50,0,15
Barnsley 019C,E01007384,0,0,100,50,10,300,20,250,15,75,40,10,100,250,0,5,0,10
Barnsley 019D,E01007385,0,0,20,15,0,30,40,10,0,0,0,10,0,0,0,0,100,0
Barnsley 020A,E01007348,0,0,0,5,0,0,0,0,0,0,0,0,0,10,0,0,50,0
Barnsley 020B,E01007349,0,0,20,20,10,0,10,0,0,0,10,0,10,20,0,0,50,0
Barnsley 020C,E01007350,0,0,0,5,0,0,20,0,0,0,0,0,5,0,0,50,20,0
Barnsley 020D,E01007351,0,0,0,15,0,0,10,50,40,0,0,0,0,1500,0,40,40,20
Barnsley 020E,E01007352,0,0,10,0,10,0,0,5,10,0,0,0,0,0,0,0,0,15
Barnsley 020F,E01007353,0,0,0,20,0,0,30,10,10,5,0,0,5,10,0,30,10,0
Barnsley 020G,E01007354,0,0,10,20,0,0,20,0,0,0,0,0,0,0,0,30,50,0
Barnsley 021A,E01007458,0,0,5,10,15,10,30,10,45,0,0,0,0,0,40,0,75,10
Barnsley 021B,E01007459,0,0,0,30,0,0,35,0,10,0,0,0,5,5,0,40,0,0
Barnsley 021C,E01007460,0,0,0,15,0,10,0,0,10,0,0,0,0,0,0,100,30,0
Barnsley 021D,E01007461,0,0,0,0,0,0,10,5,0,0,0,0,0,0,0,50,40,0
Barnsley 021E,E01007462,0,0,0,5,0,0,10,5,15,0,0,10,0,0,0,30,0,0
Barnsley 021F,E01007463,0,10,40,15,10,0,40,0,10,0,0,0,0,5,0,0,45,125
Barnsley 022A,E01007369,0,0,10,10,0,10,50,5,15,0,0,0,5,0,0,10,10,10
Barnsley 022B,E01007370,0,0,0,5,0,0,10,0,25,0,0,0,0,0,0,100,0,30
Barnsley 022C,E01007371,0,0,600,35,10,75,25,30,5,10,0,0,10,300,0,20,25,10
Barnsley 022D,E01007376,0,10,250,100,0,300,75,100,40,10,30,15,10,175,0,175,0,10
Barnsley 023A,E01007447,0,0,0,0,0,0,10,0,0,0,0,0,0,10,0,100,50,0
Barnsley 023B,E01007448,0,0,50,20,15,0,100,25,25,0,0,10,30,10,0,100,10,20
Barnsley 023C,E01007449,0,10,500,150,20,40,150,50,75,0,0,0,75,75,0,20,30,40
Barnsley 023D,E01007450,0,10,0,15,0,0,10,0,0,0,0,0,5,0,0,0,300,0
Barnsley 024A,E01007427,0,0,10,30,0,0,20,0,10,5,0,0,10,15,0,5,0,10
Barnsley 024B,E01007428,0,30,100,75,0,10,75,20,75,15,10,25,75,50,0,30,75,40
Barnsley 024C,E01007429,0,0,0,5,0,0,175,0,10,0,0,0,5,0,0,0,45,40
Barnsley 024D,E01007430,0,10,225,50,20,50,0,50,10,5,0,0,45,45,20,50,20,0
Barnsley 024E,E01007431,0,0,0,5,0,10,10,0,75,0,0,0,20,0,0,20,0,0
Barnsley 024F,E01007432,0,0,50,5,0,0,10,0,10,5,0,0,10,0,0,100,0,0
Barnsley 025A,E01007364,0,0,10,10,0,0,800,0,0,0,0,0,0,0,10,40,0,0
Barnsley 025B,E01007365,0,0,0,5,0,0,20,0,0,0,0,0,10,400,0,50,30,0
Barnsley 025C,E01007366,0,0,10,15,10,0,0,5,0,0,0,0,5,0,0,0,5,10
Barnsley 025D,E01007367,0,0,0,0,0,0,0,0,20,0,0,0,0,0,0,0,0,0
Barnsley 025E,E01007368,0,0,0,5,0,0,15,10,10,0,0,0,20,10,0,0,50,10
Barnsley 026A,E01007451,0,0,0,10,0,0,10,0,45,0,0,10,5,10,100,0,35,5
Barnsley 026B,E01007452,0,0,0,15,0,10,5,0,5,0,0,0,5,0,0,10,20,10
Barnsley 026C,E01007453,0,0,0,0,0,0,0,0,50,0,0,0,0,10,0,0,0,0
Barnsley 026E,E01007455,0,0,0,25,0,0,0,0,0,0,0,0,0,0,0,0,0,0
Barnsley 026F,E01032924,0,0,600,45,0,0,0,25,20,0,0,20,5,45,0,0,50,30
Barnsley 026G,E01032925,0,0,1000,40,50,10,5,15,50,0,0,10,5,40,0,50,50,0
Barnsley 027A,E01007421,0,0,0,30,0,5,15,100,100,5,0,0,20,100,0,150,0,75
Barnsley 027B,E01007422,0,0,50,0,0,15,10,0,20,5,0,0,25,5,0,30,0,5
Barnsley 027C,E01007423,0,0,50,5,0,0,10,10,30,5,5,0,10,10,0,50,0,0
Barnsley 027D,E01007426,0,50,500,50,10,50,10,20,50,40,10,15,35,35,0,50,0,15
Barnsley 028A,E01007396,0,0,0,20,10,30,30,10,40,0,0,0,10,15,10,0,15,5
Barnsley 028B,E01007397,0,0,30,15,0,20,0,0,40,0,0,10,10,20,0,200,50,75
Barnsley 028C,E01007398,0,0,300,100,0,150,75,50,10,0,0,0,125,25,0,10,10,10
Barnsley 028D,E01007399,0,0,25,10,0,40,15,0,100,0,0,15,20,10,0,30,10,15
Barnsley 028E,E01007424,0,40,700,75,50,200,400,75,400,200,300,10,30,40,20,50,35,35
Barnsley 029A,E01007388,0,0,15,50,5,0,35,10,40,10,0,0,50,15,0,30,10,20
Barnsley 029B,E01007393,0,0,0,25,10,5,0,0,5,0,0,0,0,0,0,40,10,5
Barnsley 029C,E01007394,0,0,0,100,0,0,0,0,0,0,0,0,0,0,0,0,0,0
Barnsley 029D,E01007456,0,0,0,25,0,0,0,0,20,5,0,0,10,0,0,30,0,0
Barnsley 029E,E01007457,0,0,10,10,0,0,10,0,20,0,0,0,5,5,0,40,0,0
Barnsley 030A,E01007389,0,0,0,5,0,0,0,5,0,0,0,0,5,0,0,50,10,0
Barnsley 030B,E01007390,0,0,0,50,0,0,20,0,10,0,10,0,5,0,0,0,0,0
Barnsley 030C,E01007391,0,0,0,5,10,20,150,5,35,5,10,10,10,10,0,35,125,20
Barnsley 030D,E01007392,0,0,0,5,0,0,100,0,0,0,0,0,10,10,0,0,100,0
Barnsley 030E,E01007395,0,0,800,30,100,10,0,5,20,0,0,0,0,40,0,0,10,25
Doncaster 001A,E01007632,0,0,0,5,100,0,10,20,0,0,0,0,0,15,0,0,10,5
Doncaster 001B,E01007633,0,0,0,5,0,0,0,0,0,0,0,0,0,10,0,0,0,0
Doncaster 001C,E01007634,0,0,0,10,0,0,30,5,30,0,0,0,0,5,0,30,20,5
Doncaster 001D,E01007635,0,0,700,50,15,75,20,75,0,0,0,0,10,400,0,0,10,0
Doncaster 002A,E01007487,0,0,0,5,0,0,25,5,0,0,0,0,5,5,0,0,0,20
Doncaster 002B,E01007488,0,5,20,25,0,20,30,10,40,0,0,0,15,50,0,50,0,100
Doncaster 002C,E01007489,10,0,50,25,20,0,100,15,20,0,0,0,0,20,10,0,35,10
Doncaster 002D,E01007490,0,0,10,100,0,20,0,5,10,0,0,0,35,5,0,40,10,0
Doncaster 002E,E01007491,0,0,0,0,0,0,0,10,15,10,0,0,0,0,0,50,0,0
Doncaster 002F,E01007492,0,0,30,35,10,0,25,10,10,0,0,0,0,15,0,30,50,10
Doncaster 002G,E01007493,0,0,15,15,0,0,5,10,10,0,0,0,20,15,0,200,50,10
Doncaster 003A,E01007636,0,0,0,10,0,0,0,5,0,0,0,0,5,10,0,0,10,0
Doncaster 003B,E01007637,0,0,40,10,10,0,35,10,10,0,0,0,10,0,0,250,225,0
Doncaster 003C,E01007638,0,0,0,0,0,0,0,5,10,0,0,0,0,30,0,50,10,100
Doncaster 003D,E01007639,0,0,35,30,25,10,225,25,50,10,10,5,45,100,100,0,450,30
Doncaster 003E,E01007640,0,0,400,10,75,75,50,700,100,5,0,0,350,20,0,0,20,75
Doncaster 003F,E01007641,0,0,0,15,0,0,0,5,0,0,0,0,5,10,0,0,20,0
Doncaster 003G,E01007642,0,0,0,5,0,0,10,0,0,0,0,0,0,5,0,50,10,0
Doncaster 004A,E01007625,0,0,5,40,5,10,0,35,0,0,0,0,25,0,0,10,0,10
Doncaster 004B,E01007626,0,0,10,0,0,0,30,20,35,0,0,0,5,5,0,50,75,20
Doncaster 004C,E01007627,0,0,0,0,10,0,10,20,0,0,0,0,0,0,0,100,10,0
Doncaster 004D,E01007628,0,0,0,5,0,0,0,5,0,0,0,0,5,0,0,0,50,0
Doncaster 004E,E01007629,0,0,10,5,10,0,10,10,20,20,0,0,0,10,0,0,10,0
Doncaster 005A,E01007468,0,0,0,5,0,0,10,30,0,0,0,0,10,0,0,0,0,0
Doncaster 005B,E01007469,0,0,0,20,10,0,25,0,10,0,0,0,5,10,0,0,10,10
Doncaster 005C,E01007470,0,0,0,0,0,0,0,5,0,0,0,0,0,0,0,0,0,0
Doncaster 005D,E01007472,0,0,0,0,0,0,0,0,0,0,0,0,0,0,0,0,10,0
Doncaster 005E,E01007473,0,0,50,175,35,20,300,175,25,0,0,10,200,150,10,50,75,35
Doncaster 005F,E01007474,0,0,150,20,0,10,30,35,0,0,0,0,15,10,0,10,45,35
Doncaster 006A,E01007554,0,150,200,50,5,5,10,10,10,0,0,0,20,40,0,0,0,0
Doncaster 006B,E01007555,0,0,0,0,0,0,30,0,40,0,0,0,0,30,0,200,50,0
Doncaster 006C,E01007556,0,0,0,5,0,0,20,5,0,0,0,0,0,0,0,75,0,20
Doncaster 006D,E01007561,0,0,0,15,0,10,0,5,0,5,0,0,10,5,0,0,10,0
Doncaster 006E,E01007562,0,0,0,0,0,0,0,0,0,5,0,0,0,0,0,0,0,0
Doncaster 006F,E01007563,0,0,0,5,0,10,15,5,20,0,0,0,0,15,0,0,10,5
Doncaster 007A,E01007621,0,10,5,15,20,10,5,30,0,0,0,0,10,5,0,0,10,10
Doncaster 007B,E01007622,0,0,0,10,0,0,0,0,0,0,0,0,0,0,0,0,0,0
Doncaster 007C,E01007623,0,0,0,0,0,0,25,0,0,0,0,0,0,200,0,150,300,0
Doncaster 007D,E01007624,0,25,450,175,125,250,100,30,50,0,0,10,45,400,0,50,20,25
Doncaster 007E,E01007630,0,0,0,40,0,0,25,0,50,0,0,0,10,10,0,10,20,30
Doncaster 007F,E01007631,0,0,0,5,0,0,0,0,0,5,0,0,5,10,0,0,0,0
Doncaster 008A,E01007553,0,0,50,40,0,0,75,30,45,0,0,10,10,20,0,40,100,25
Doncaster 008B,E01007557,0,30,150,175,10,0,40,50,10,0,0,20,10,25,1250,100,0,45
Doncaster 008C,E01007558,0,0,0,20,0,0,15,0,5,0,0,0,5,0,0,0,20,0
Doncaster 008D,E01007559,0,0,30,30,20,30,10,50,125,0,0,0,5,20,400,50,10,25
Doncaster 008E,E01007560,0,10,0,40,15,0,15,0,45,5,0,0,5,10,0,50,50,0
Doncaster 009A,E01007464,0,0,0,5,0,0,0,0,0,0,0,0,0,0,0,250,0,0
Doncaster 009B,E01007465,0,10,0,75,10,0,10,5,0,0,0,100,40,150,30,0,10,0
Doncaster 009C,E01007466,0,0,0,15,0,10,25,5,0,0,0,0,15,0,30,0,0,0
Doncaster 009D,E01007467,0,0,10,5,10,0,75,5,50,0,10,10,0,0,0,75,40,25
Doncaster 009E,E01007471,0,0,50,5,45,0,10,10,0,0,0,0,20,75,40,0,0,10
Doncaster 009F,E01007504,0,10,300,40,250,50,35,50,5,0,10,0,75,50,0,30,75,100
Doncaster 009G,E01007507,0,0,0,0,0,0,10,5,20,0,0,0,0,0,0,30,10,0
Doncaster 010A,E01007506,0,0,0,5,0,0,0,5,10,0,0,0,0,5,100,50,50,0
Doncaster 010B,E01007508,0,0,50,75,0,75,25,5,0,0,0,0,10,30,10,0,10,50
Doncaster 010C,E01007509,0,0,0,0,5,0,35,0,5,0,0,0,0,0,0,0,10,0
Doncaster 010D,E01007510,0,0,10,30,10,15,50,5,50,5,0,10,5,10,0,20,50,15
Doncaster 010E,E01007511,0,0,30,30,10,0,10,10,0,0,0,0,20,0,0,40,10,0
Doncaster 011A,E01007475,0,0,0,10,0,10,0,0,20,0,0,0,5,10,0,0,50,0
Doncaster 011B,E01007476,0,0,0,30,0,0,200,5,30,5,0,0,10,0,0,50,45,10
Doncaster 011C,E01007477,0,0,0,15,0,0,0,10,10,0,0,0,10,0,0,20,20,0
Doncaster 011D,E01007478,0,0,0,30,0,0,300,10,30,0,0,0,5,25,0,350,75,50
Doncaster 012A,E01007512,0,0,200,25,0,20,0,5,30,20,0,0,0,0,0,40,10,0
Doncaster 012B,E01007513,0,0,0,150,0,0,10,0,0,0,0,0,0,0,0,0,0,0
Doncaster 012C,E01007515,0,0,0,10,0,0,40,0,0,0,0,0,5,0,0,0,20,0
Doncaster 012D,E01007518,0,0,0,5,0,10,10,5,10,5,0,0,5,5,0,150,5,0
Doncaster 012E,E01007519,0,0,0,15,0,0,10,0,0,0,0,0,5,0,10,50,0,0
Doncaster 013A,E01007505,0,150,100,10,0,30,20,25,25,0,0,0,150,10,0,150,20,15
Doncaster 013B,E01007514,0,0,20,100,20,10,10,5,10,0,0,0,0,150,0,0,600,5
Doncaster 013C,E01007516,0,0,5,100,150,0,0,0,10,0,0,0,0,125,0,50,10,0
Doncaster 013D,E01007517,0,0,75,20,50,150,300,5,100,0,0,0,15,0,0,0,10,20
Doncaster 014A,E01007479,0,0,300,225,25,900,45,1500,20,150,10,25,15,450,0,40,0,45
Doncaster 014B,E01007480,0,0,0,5,0,0,0,0,0,5,0,0,0,5,0,0,50,0
Doncaster 014D,E01007482,0,0,10,0,10,10,200,0,25,0,0,0,5,10,0,0,50,30
Doncaster 014E,E01033259,0,0,0,10,10,20,50,10,15,0,10,10,10,5,0,0,75,20
Doncaster 014F,E01033260,0,0,0,0,0,0,20,10,30,0,0,0,0,5,0,0,0,10
Doncaster 015A,E01007570,0,0,0,20,0,0,20,5,15,5,0,0,0,30,0,50,0,0
Doncaster 015B,E01007650,0,10,20,25,40,10,25,5,25,10,0,5,20,10,10,20,125,10
Doncaster 015C,E01007651,0,0,0,0,0,0,20,10,0,0,0,0,0,10,0,0,10,5
Doncaster 015D,E01007652,0,0,300,250,350,175,600,45,75,0,0,5,5,15,0,150,0,50
Doncaster 015E,E01007653,0,0,20,35,10,20,20,20,10,0,0,0,0,15,0,0,0,0
Doncaster 015F,E01007656,0,30,800,125,400,175,300,300,175,0,0,15,30,700,0,50,200,45
Doncaster 016A,E01007581,0,0,45,20,0,15,50,10,20,5,0,0,10,0,0,0,0,10
Doncaster 016B,E01007582,0,0,0,5,10,20,100,5,40,0,0,0,10,0,0,100,20,20
Doncaster 016C,E01007588,0,0,0,15,0,0,40,0,30,20,0,0,0,20,0,250,0,0
Doncaster 016D,E01007589,0,0,0,15,10,0,0,5,10,0,0,10,5,10,0,0,0,10
Doncaster 017A,E01007483,0,0,0,0,0,0,5,0,10,5,0,0,10,5,0,0,0,5
Doncaster 017B,E01007484,0,0,175,10,0,10,0,150,0,0,0,0,5,0,0,0,45,0
Doncaster 017C,E01007485,0,0,0,25,0,0,0,5,30,0,0,0,5,10,0,0,0,0
Doncaster 017D,E01007486,0,0,0,5,0,0,0,5,40,0,0,0,0,0,0,100,0,0
Doncaster 018A,E01007564,0,0,0,5,0,0,10,0,15,0,0,0,0,0,0,30,45,0
Doncaster 018B,E01007565,0,0,0,25,0,0,20,5,35,5,0,0,10,20,0,0,20,0
Doncaster 018C,E01007566,0,10,0,0,0,0,10,50,10,0,0,0,0,10,10,200,0,150
Doncaster 018D,E01007567,0,0,0,10,0,10,100,30,25,0,20,0,0,10,0,10,6000,10
Doncaster 018E,E01007568,0,0,10,0,0,0,30,0,50,0,0,0,0,10,0,40,0,0
Doncaster 018F,E01007569,0,0,0,5,40,10,0,5,0,0,0,0,0,10,0,50,0,0
Doncaster 019A,E01007644,0,0,10,30,10,0,175,300,300,700,0,0,5,150,50,500,50,800
Doncaster 019B,E01007646,0,0,0,75,0,0,10,10,0,0,0,10,20,0,0,0,125,5
Doncaster 019C,E01007647,0,0,0,10,0,0,5,5,75,25,150,0,20,50,0,100,450,25
Doncaster 019D,E01007648,0,0,10,25,0,5,50,30,100,20,0,30,100,450,0,200,175,75
Doncaster 019E,E01007649,0,0,0,15,0,0,5,5,0,5,0,10,5,20,50,0,20,40
Doncaster 019F,E01007654,0,20,40,125,100,15,75,5,30,0,0,0,30,20,10,0,0,0
Doncaster 020A,E01007583,0,0,20,15,0,50,15,10,75,0,0,5,15,75,0,100,0,0
Doncaster 020B,E01007586,0,0,5,10,0,0,10,0,10,0,0,0,10,10,0,50,10,0
Doncaster 020C,E01007587,0,20,5,20,40,100,5,1750,125,0,5,35,600,75,0,50,0,75
Doncaster 020D,E01007620,0,20,10,75,0,0,20,0,50,0,0,10,10,5,0,10,0,0
Doncaster 021A,E01007584,0,30,10,15,100,0,350,50,75,5,0,0,20,10,0,10,400,10
Doncaster 021B,E01007585,0,0,0,5,5,0,0,5,10,0,0,0,0,0,0,0,20,0
Doncaster 021C,E01007617,0,0,0,10,0,0,20,5,20,0,0,0,5,0,10,30,5,10
Doncaster 021D,E01007618,0,0,0,5,0,0,0,0,0,0,0,0,5,10,0,50,20,0
Doncaster 021E,E01007619,0,0,5,25,0,5,20,0,35,10,5,0,15,0,0,30,150,0
Doncaster 022A,E01007529,0,0,100,400,25,30,350,400,75,10,0,10,100,400,600,40,0,20
Doncaster 022B,E01007530,0,20,1500,400,125,175,300,700,25,10,30,15,175,900,50,150,25,20
Doncaster 022C,E01007531,0,0,0,10,0,0,10,5,5,5,0,0,0,0,0,50,20,0
Doncaster 022D,E01007643,0,0,0,10,0,0,10,5,15,0,0,0,0,20,0,0,0,10
Doncaster 022E,E01007645,0,0,125,150,20,15,1000,400,800,50,250,250,900,800,3000,150,450,300
Doncaster 022F,E01007655,0,150,125,600,40,150,700,150,300,5,75,25,50,500,0,800,125,75
Doncaster 023A,E01007494,0,0,0,75,10,5,25,0,0,0,10,0,10,15,0,10,100,20
Doncaster 023B,E01007532,0,0,50,0,0,0,10,5,0,0,0,0,0,30,40,0,35,0
Doncaster 023C,E01007533,0,0,35,5,25,0,0,10,0,0,0,10,0,10,0,100,0,0
Doncaster 023D,E01007535,0,0,10,0,0,0,20,35,10,0,0,0,10,0,0,0,20,15
Doncaster 024A,E01007522,0,0,0,10,10,0,40,5,10,0,10,0,0,0,0,30,20,75
Doncaster 024B,E01007525,0,0,0,15,0,0,0,5,0,20,0,0,0,25,0,0,0,0
Doncaster 024C,E01007528,0,0,0,5,0,0,45,10,20,0,0,0,0,10,0,40,10,10
Doncaster 024D,E01007604,0,0,0,5,10,0,0,5,0,5,0,0,0,5,0,0,15,10
Doncaster 025A,E01007521,0,0,0,10,0,0,10,0,30,5,0,10,35,10,0,0,75,0
Doncaster 025B,E01007523,0,0,0,5,0,0,0,10,0,0,0,0,0,10,0,0,10,20
Doncaster 025C,E01007524,0,0,10,10,0,5,10,10,40,0,0,25,15,40,0,0,0,20
Doncaster 025D,E01007526,0,0,10,20,0,0,500,5,50,10,10,0,50,10,0,150,40,75
Doncaster 025E,E01007607,0,0,0,0,10,0,0,10,0,0,0,0,5,5,0,0,75,10
Doncaster 026A,E01007599,0,0,0,40,5,30,0,15,5,0,0,0,15,15,0,40,0,20
Doncaster 026B,E01007600,0,20,0,50,10,0,20,10,50,0,0,0,15,10,0,40,0,0
Doncaster 026C,E01007601,0,0,0,25,0,0,0,0,20,0,0,0,10,0,0,30,0,100
Doncaster 026D,E01007602,0,75,50,150,5,50,125,500,100,50,30,20,400,300,50,175,25,35
Doncaster 026E,E01007603,0,25,0,75,0,10,10,0,20,0,0,0,40,5,0,200,5,30
Doncaster 027A,E01007520,0,0,0,20,0,0,20,0,0,0,0,0,10,0,0,0,5,0
Doncaster 027B,E01007527,0,0,40,500,0,0,10,5,150,50,1000,10,150,30,10,50,10,10
Doncaster 027C,E01007605,0,0,0,20,0,0,30,0,0,0,10,0,15,10,0,50,35,0
Doncaster 027D,E01007606,0,0,0,75,0,10,20,0,150,10,0,10,50,5,10,20,100,400
Doncaster 028A,E01007495,0,30,400,600,175,50,175,800,100,75,0,5,150,500,0,100,25,15
Doncaster 028B,E01007500,0,10,0,10,0,0,10,10,100,0,0,0,15,0,0,20,0,0
Doncaster 028C,E01007502,0,10,600,600,0,150,600,15,40,15,600,10,350,40,20,100,4000,40
Doncaster 028D,E01007534,0,150,1000,125,225,450,400,900,100,75,200,75,600,600,30,225,1000,75
Doncaster 029A,E01007496,0,0,0,0,0,0,75,20,5,0,0,0,0,0,0,0,0,0
Doncaster 029B,E01007497,0,0,0,10,0,0,0,0,0,0,0,0,5,0,0,30,0,0
Doncaster 029C,E01007498,0,10,75,75,20,50,75,5,0,0,0,0,75,5,0,0,150,10
Doncaster 029D,E01007499,0,0,0,0,0,0,0,5,0,0,0,0,0,0,0,50,50,0
Doncaster 029E,E01007501,0,0,10,20,0,10,15,5,10,0,0,0,5,50,0,0,10,0
Doncaster 029F,E01007503,0,0,0,15,0,10,0,5,0,0,0,0,5,30,0,0,0,0
Doncaster 030A,E01007575,0,0,0,20,0,0,10,0,10,0,0,0,0,0,20,0,0,0
Doncaster 030B,E01007578,0,0,20,40,10,75,75,0,75,0,10,15,5,800,50,0,50,10
Doncaster 030C,E01007579,0,0,0,75,15,0,20,10,150,0,0,0,50,5,0,50,0,20
Doncaster 030D,E01007580,0,0,0,10,0,0,0,0,0,0,0,0,0,0,0,50,0,0
Doncaster 031A,E01007571,0,0,0,5,10,0,125,0,45,0,30,15,30,15,0,50,0,35
Doncaster 031B,E01007572,0,0,0,15,0,10,0,0,10,0,0,0,10,15,100,30,300,0
Doncaster 031C,E01007573,0,0,0,10,0,0,10,0,0,0,0,0,0,0,0,0,50,0
Doncaster 031D,E01007574,0,0,0,0,0,0,10,0,10,0,0,0,0,10,0,30,150,0
Doncaster 031E,E01007576,0,0,5,25,0,0,5,10,15,10,10,0,20,45,0,0,150,10
Doncaster 031F,E01007577,0,0,10,5,30,75,40,0,5,0,10,15,20,10,0,0,15,20
Doncaster 032A,E01007536,0,0,25,15,15,0,50,20,50,0,0,5,15,5,0,20,50,15
Doncaster 032B,E01007542,0,0,0,10,20,10,50,10,20,0,0,0,10,10,0,40,15,50
Doncaster 032C,E01007543,0,0,250,100,75,225,75,100,0,0,0,5,0,0,0,10,0,50
Doncaster 032D,E01007544,0,0,0,0,0,0,0,5,10,0,0,0,0,20,0,40,400,0
Doncaster 033A,E01007546,0,0,500,5,0,0,20,100,10,0,0,0,0,10,0,40,0,0
Doncaster 033B,E01007551,0,0,10,10,0,0,0,0,100,0,0,0,5,10,0,10,50,5
Doncaster 033C,E01007552,0,10,0,10,15,0,0,0,0,0,0,0,5,5,0,50,10,0
Doncaster 033D,E01007613,0,40,75,50,5,15,0,50,30,0,0,0,40,50,20,0,300,15
Doncaster 034A,E01007545,0,0,800,20,5,0,0,5,20,0,0,30,10,30,20,150,100,5
Doncaster 034B,E01007547,0,0,0,5,10,0,125,40,20,0,0,0,5,10,30,20,50,25
Doncaster 034C,E01007548,0,0,10,20,0,30,0,10,0,0,0,0,5,0,0,0,10,0
Doncaster 034D,E01007549,0,0,0,0,0,0,0,0,0,0,0,0,0,10,0,50,150,0
Doncaster 034E,E01007550,0,0,5,15,0,0,10,10,0,0,0,0,0,0,0,0,20,10
Doncaster 035A,E01007537,0,0,0,15,10,0,20,0,0,0,0,0,5,10,0,0,0,0
Doncaster 035B,E01007538,0,0,0,5,0,0,0,0,0,0,0,0,0,0,0,0,0,10
Doncaster 035C,E01007539,0,0,0,0,0,0,10,0,40,0,0,0,0,5,0,150,100,0
Doncaster 035D,E01007540,0,0,0,15,0,30,0,0,20,0,0,0,0,0,0,0,0,20
Doncaster 035E,E01007541,0,0,0,5,0,0,10,0,10,0,0,0,0,10,0,200,0,0
Doncaster 036A,E01007591,0,0,0,10,0,0,20,40,0,0,0,0,0,10,0,0,10,0
Doncaster 036B,E01007594,20,0,10,30,0,0,30,10,150,0,0,10,15,0,0,150,0,15
Doncaster 036C,E01007596,0,100,10,40,0,0,30,0,50,0,0,0,5,0,0,40,10,0
Doncaster 036D,E01007598,0,0,0,10,10,0,0,0,0,0,0,0,5,0,10,0,0,20
Doncaster 037A,E01007590,0,0,0,10,0,0,75,0,0,0,0,0,0,20,10,10,35,10
Doncaster 037B,E01007592,0,0,0,0,0,10,50,20,20,0,0,0,5,10,0,40,10,0
Doncaster 037C,E01007593,0,75,100,45,10,75,10,15,10,5,0,0,5,10,10,50,20,10
Doncaster 037D,E01007595,0,0,0,10,5,0,0,0,10,0,0,0,0,5,0,50,35,30
Doncaster 037E,E01007597,0,0,0,10,0,0,5,5,5,0,0,0,0,0,0,0,0,0
Doncaster 038A,E01007608,0,10,10,50,5,40,25,10,30,10,5,30,45,50,20,400,30,15
Doncaster 038B,E01007609,0,0,125,35,125,0,75,10,100,10,15,25,75,40,0,15,20,200
Doncaster 038C,E01007610,10,0,75,40,5,50,45,10,175,5,0,10,45,30,0,40,75,50
Doncaster 039A,E01007611,0,0,0,10,0,100,15,1500,20,10,0,10,15,75,0,20,10,0
Doncaster 039B,E01007612,0,0,0,25,10,0,0,10,30,0,0,0,10,5,0,20,20,5
Doncaster 039C,E01007614,0,10,0,45,0,10,75,300,35,5,10,0,150,10,0,30,600,0
Doncaster 039D,E01007615,0,0,10,25,0,10,75,0,40,0,0,0,50,35,0,20,5,50
Doncaster 039E,E01007616,0,0,0,10,10,25,0,0,0,0,0,30,10,10,0,50,0,0
